reading_id,timestamp,system_id,collected_by,collection_method,conductivity,ph,total_hardness,m_alkalinity,chloride,free_halogen,inhibitor_ppm,iron,sulfite,nitrite,microbio_dipslide,units,notes
RD-00001,3/2/26 0:00,SYS-0014,BMS export,bms,2.91,8.8,,,,,,,,,,cond=mS/cm,
RD-00002,3/2/26 0:00,SYS-0015,BMS export,bms,2.8,,,,,,,,,,,cond=mS/cm,
RD-00003,3/2/26 0:00,SYS-0016,BMS export,bms,2.98,8.8,,,,,,,,,,cond=mS/cm,
RD-00004,3/2/26 0:00,SYS-0017,BMS export,bms,3.16,,,,,,,,,,,cond=mS/cm,
RD-00005,2026-03-02 08:30,SYS-0001,Jenn Fowler,field,2859.0,11.0,0.7,548.0,,,,0.17,32.0,,,cond=uS/cm;hard=ppm CaCO3;alk=ppm CaCO3;sulfite=ppm,
RD-00006,2026-03-02 09:00,SYS-0005,Jenn Fowler,field,3148.0,9.7,,,,,,0.25,,833.0,,cond=uS/cm;nitrite=ppm,
RD-00007,2026-03-02 12:15,SYS-0004,Jenn Fowler,field,1523.0,8.6,553.0,,201.0,0.49,11.6,,,,10^2,cond=uS/cm;hard=ppm CaCO3;cl=ppm;inhib=ppm,
RD-00008,2026-03-02 12:40,SYS-0040,Dale Hardy,field,2855.0,10.9,0.4,850.0,,,,0.21,37.0,,,cond=uS/cm;hard=ppm CaCO3;alk=ppm CaCO3;sulfite=ppm,
RD-00009,2026-03-02 13:40,SYS-0022,Dale Hardy,field,2564.0,11.1,0.6,718.0,,,,0.26,28,,,cond=uS/cm;hard=ppm CaCO3;alk=ppm CaCO3;sulfite=ppm,
RD-00010,2026-03-02 14:15,SYS-0003,Jenn Fowler,field,1603.0,8.6,445.0,,181.0,0.84,12.4,,,,10^3,cond=uS/cm;hard=ppm CaCO3;cl=ppm;inhib=ppm,
RD-00011,2026-03-02 15:00,SYS-0002,Jenn Fowler,field,2613.0,11.1,1.3,,,,,0.11,21.0,,,cond=uS/cm;hard=ppm CaCO3;alk=ppm CaCO3;sulfite=ppm,
RD-00012,3/3/26 0:00,SYS-0014,BMS export,bms,2.83,,,,,,,,,,,cond=mS/cm,
RD-00013,3/3/26 0:00,SYS-0015,BMS export,bms,2.83,8.8,,,,,,,,,,cond=mS/cm,
RD-00014,3/3/26 0:00,SYS-0016,BMS export,bms,3.04,,,,,,,,,,,cond=mS/cm,
RD-00015,3/3/26 0:00,SYS-0017,BMS export,bms,2.84,8.7,,,,,,,,,,cond=mS/cm,
RD-00016,2026-03-03 09:20,SYS-0010,Marcus Webb,field,1675.0,8.8,347.0,,197.0,0.43,14.1,,,,10^2,cond=uS/cm;hard=ppm CaCO3;cl=ppm;inhib=ppm,
RD-00017,2026-03-03 10:00,SYS-0008,Marcus Webb,field,3128.0,10.1,,,,,,0.19,,1054.0,,cond=uS/cm;nitrite=ppm,
RD-00018,2026-03-03 12:10,SYS-0007,Marcus Webb,field,1490.0,8.5,361.0,,146.0,0.81,10.6,,,,,cond=uS/cm;hard=ppm CaCO3;cl=ppm;inhib=ppm,
RD-00019,2026-03-03 13:45,SYS-0006,Marcus Webb,field,3454.0,11.2,0.7,627.0,,,,0.19,29.0,,,cond=uS/cm;hard=ppm CaCO3;alk=ppm CaCO3;sulfite=ppm,
RD-00020,2026-03-03 15:30,SYS-0009,Marcus Webb,field,2768.0,11.3,0,608.0,,,,0.16,35.0,,,cond=uS/cm;hard=ppm CaCO3;alk=ppm CaCO3;sulfite=ppm,
RD-00021,3/4/26 0:00,SYS-0014,BMS export,bms,2.94,8.6,,,,,,,,,,cond=mS/cm,
RD-00022,3/4/26 0:00,SYS-0015,BMS export,bms,2.77,8.8,,,,,,,,,,cond=mS/cm,
RD-00023,3/4/26 0:00,SYS-0016,BMS export,bms,2.84,,,,,,,,,,,cond=mS/cm,
RD-00024,3/4/26 0:00,SYS-0017,BMS export,bms,3.11,8.9,,,,,,,,,,cond=mS/cm,
RD-00025,2026-03-04 08:10,SYS-0021,Marcus Webb,field,3172.0,11.1,1.3,,,,,0.18,26.0,,,cond=uS/cm;hard=ppm CaCO3;alk=ppm CaCO3;sulfite=ppm,
RD-00026,2026-03-04 08:10,SYS-0039,Tomas Rivera,field,2929.0,9.1,,,,,,0.35,,1072.0,,cond=uS/cm;nitrite=ppm,
RD-00027,2026-03-04 08:20,SYS-0020,Marcus Webb,field,1632.0,8.6,436.0,,191.0,0.9,7.8,,,,10^3,cond=uS/cm;hard=ppm CaCO3;cl=ppm;inhib=ppm,
RD-00028,2026-03-04 09:40,SYS-0027,Tomas Rivera,field,2890.0,11.2,1.2,654.0,,,,0.31,27.0,,,cond=uS/cm;hard=ppm CaCO3;alk=ppm CaCO3;sulfite=ppm,
RD-00029,2026-03-04 09:45,SYS-0028,Tomas Rivera,field,1588.0,8.8,478.0,,169.0,0.7,10.5,,,,10^3,cond=uS/cm;hard=ppm CaCO3;cl=ppm;inhib=ppm,
RD-00030,2026-03-04 10:20,SYS-0029,Tomas Rivera,field,2828.0,9.6,,,,,284.0,0.18,,,,cond=uS/cm;moly=ppm,
RD-00031,2026-03-04 10:30,SYS-0037,Tomas Rivera,field,2684.0,11.0,0.2,617.0,,,,0.59,16.0,,,cond=uS/cm;hard=ppm CaCO3;alk=ppm CaCO3;sulfite=ppm,
RD-00032,2026-03-04 11:20,SYS-0053,Kyle Bishop,field,3201.0,11.1,0.6,,,,,0.44,24.0,,,cond=uS/cm;hard=ppm CaCO3;alk=ppm CaCO3;sulfite=ppm,
RD-00033,2026-03-04 12:10,SYS-0036,Tomas Rivera,field,2701.0,11.1,0.9,646.0,,,,0.61,31.0,,,cond=uS/cm;hard=ppm CaCO3;alk=ppm CaCO3;sulfite=ppm,
RD-00034,2026-03-04 14:40,SYS-0019,Marcus Webb,field,3030.0,9.9,,,,,,0.45,,1050,,cond=uS/cm;nitrite=ppm,Sample drawn before re-dose.
RD-00035,2026-03-04 15:45,SYS-0038,Tomas Rivera,field,1526.0,8.4,383.0,,152.0,0.51,12.8,,,,,cond=uS/cm;hard=ppm CaCO3;cl=ppm;inhib=ppm,
RD-00036,2026-03-04 15:45,SYS-0054,Kyle Bishop,field,2720.0,9.8,,,,,,0.13,,1022.0,,cond=uS/cm;nitrite=ppm,
RD-00037,3/5/26 0:00,SYS-0014,BMS export,bms,2.74,,,,,,,,,,,cond=mS/cm,
RD-00038,3/5/26 0:00,SYS-0015,BMS export,bms,2.79,8.9,,,,,,,,,,cond=mS/cm,
RD-00039,3/5/26 0:00,SYS-0016,BMS export,bms,2.78,,,,,,,,,,,cond=mS/cm,
RD-00040,3/5/26 0:00,SYS-0017,BMS export,bms,3.09,,,,,,,,,,,cond=mS/cm,
RD-00041,2026-03-05 08:45,SYS-0018,Jenn Fowler,field,2423.0,9.3,,,,,240.0,0.08,,,,cond=uS/cm;moly=ppm,
RD-00042,2026-03-05 09:00,SYS-0025,Dale Hardy,field,2785.0,10.9,0.5,,,,,0.23,26.0,,,cond=uS/cm;hard=ppm CaCO3;alk=ppm CaCO3;sulfite=ppm,
RD-00043,2026-03-05 09:40,SYS-0017,Jenn Fowler,field,2834.0,8.9,505.0,,274.0,0.69,15.0,,,,10^3,cond=uS/cm;hard=ppm CaCO3;cl=ppm;inhib=ppm,
RD-00044,2026-03-05 09:45,SYS-0026,Dale Hardy,field,1258.0,8.7,23.6,,178.0,0.64,10.8,,,,,cond=uS/cm;hard=gpg;cl=ppm;inhib=ppm,
RD-00045,2026-03-05 10:10,SYS-0014,Jenn Fowler,field,2938.0,8.4,351.0,,226.0,0.5,13.5,,,,10^3,cond=uS/cm;hard=ppm CaCO3;cl=ppm;inhib=ppm,
RD-00046,2026-03-05 10:20,SYS-0016,Jenn Fowler,field,3017.0,8.8,375.0,,231.0,0.72,14.1,,,,10^2,cond=uS/cm;hard=ppm CaCO3;cl=ppm;inhib=ppm,
RD-00047,2026-03-05 10:40,SYS-0015,Jenn Fowler,field,3099.0,8.5,481.0,,176,0.32,12.6,,,,10^2,cond=uS/cm;hard=ppm CaCO3;cl=ppm;inhib=ppm,
RD-00048,2026-03-05 13:15,SYS-0035,Dale Hardy,field,3104.0,11.1,0.5,634.0,,,,0.3,32.0,,,cond=uS/cm;hard=ppm CaCO3;alk=ppm CaCO3;sulfite=ppm,
RD-00049,3/6/26 0:00,SYS-0014,BMS export,bms,2.93,8.8,,,,,,,,,,cond=mS/cm,
RD-00050,3/6/26 0:00,SYS-0015,BMS export,bms,2.78,8.7,,,,,,,,,,cond=mS/cm,
RD-00051,3/6/26 0:00,SYS-0016,BMS export,bms,2.84,,,,,,,,,,,cond=mS/cm,
RD-00052,3/6/26 0:00,SYS-0017,BMS export,bms,2.92,8.6,,,,,,,,,,cond=mS/cm,
RD-00053,2026-03-06 09:10,SYS-0012,Kyle Bishop,field,1534.0,8.7,482.0,,123.0,0.39,11.7,,,,10^2,cond=uS/cm;hard=ppm CaCO3;cl=ppm;inhib=ppm,
RD-00054,2026-03-06 09:20,SYS-0011,Kyle Bishop,field,3298.0,10.9,0.6,610.0,,,,0.27,28.0,,,cond=uS/cm;hard=ppm CaCO3;alk=ppm CaCO3;sulfite=ppm,
RD-00055,2026-03-06 14:15,SYS-0013,Kyle Bishop,field,2908.0,9.1,,,,,286.0,0.12,,,,cond=uS/cm;moly=ppm,
RD-00056,2026-03-06 14:45,SYS-0041,Jenn Fowler,field,2774.0,11.0,0,610.0,,,,0.39,28.0,,,cond=uS/cm;hard=ppm CaCO3;alk=ppm CaCO3;sulfite=ppm,
RD-00057,2026-03-06 15:00,SYS-0042,Jenn Fowler,field,1414.0,8.2,467.0,,200.0,0.65,13.5,,,,10^2,cond=uS/cm;hard=ppm CaCO3;cl=ppm;inhib=ppm,
RD-00058,3/7/26 0:00,SYS-0014,BMS export,bms,2.74,8.9,,,,,,,,,,cond=mS/cm,
RD-00059,3/7/26 0:00,SYS-0015,BMS export,bms,2.93,,,,,,,,,,,cond=mS/cm,
RD-00060,3/7/26 0:00,SYS-0016,BMS export,bms,2.87,,,,,,,,,,,cond=mS/cm,
RD-00061,3/7/26 0:00,SYS-0017,BMS export,bms,2.79,,,,,,,,,,,cond=mS/cm,
RD-00062,3/8/26 0:00,SYS-0014,BMS export,bms,2.8,9.0,,,,,,,,,,cond=mS/cm,
RD-00063,3/8/26 0:00,SYS-0015,BMS export,bms,2.88,8.7,,,,,,,,,,cond=mS/cm,
RD-00064,3/8/26 0:00,SYS-0016,BMS export,bms,2.88,,,,,,,,,,,cond=mS/cm,
RD-00065,3/8/26 0:00,SYS-0017,BMS export,bms,3.03,8.9,,,,,,,,,,cond=mS/cm,
RD-00066,3/9/26 0:00,SYS-0014,BMS export,bms,3.02,,,,,,,,,,,cond=mS/cm,
RD-00067,3/9/26 0:00,SYS-0015,BMS export,bms,3.02,8.5,,,,,,,,,,cond=mS/cm,
RD-00068,3/9/26 0:00,SYS-0016,BMS export,bms,2.88,,,,,,,,,,,cond=mS/cm,
RD-00069,3/9/26 0:00,SYS-0017,BMS export,bms,2.89,8.7,,,,,,,,,,cond=mS/cm,
RD-00070,2026-03-09 08:00,SYS-0004,Jenn Fowler,field,1562.0,8.8,443.0,,163.0,0.56,14.4,,,,10^2,cond=uS/cm;hard=ppm CaCO3;cl=ppm;inhib=ppm,
RD-00071,2026-03-09 08:00,SYS-0034,Kyle Bishop,field,1317.0,8.6,412.0,,148.0,0.74,13.2,,,,10^3,cond=uS/cm;hard=ppm CaCO3;cl=ppm;inhib=ppm,
RD-00072,2026-03-09 08:10,SYS-0002,Jenn Fowler,field,2956.0,10.9,0.6,,,,,0.29,32.0,,,cond=uS/cm;hard=ppm CaCO3;alk=ppm CaCO3;sulfite=ppm,
RD-00073,2026-03-09 10:10,SYS-0024,Jenn Fowler,field,2809.0,9.2,,,,,,0.24,,1055.0,,cond=uS/cm;nitrite=ppm,
RD-00074,2026-03-09 11:10,SYS-0023,Jenn Fowler,field,2932.0,11.0,0.9,683.0,,,,0.16,19.0,,,cond=uS/cm;hard=ppm CaCO3;alk=ppm CaCO3;sulfite=ppm,
RD-00075,2026-03-09 12:30,SYS-0032,Kyle Bishop,field,1469.0,10.0,0.5,,,,,0.53,47.0,,,cond=uS/cm;hard=ppm CaCO3;alk=ppm CaCO3;sulfite=ppm,
RD-00076,2026-03-09 12:45,SYS-0001,Jenn Fowler,field,2940.0,11.1,0.6,768.0,,,,0.34,34.0,,,cond=uS/cm;hard=ppm CaCO3;alk=ppm CaCO3;sulfite=ppm,
RD-00077,2026-03-09 14:00,SYS-0003,Jenn Fowler,field,1494.0,8.3,518.0,,151.0,0.57,12.0,,,,10^2,cond=uS/cm;hard=ppm CaCO3;cl=ppm;inhib=ppm,
RD-00078,2026-03-09 14:30,SYS-0005,Jenn Fowler,field,3069.0,9.6,,,,,,0.04,,1021.0,,cond=uS/cm;nitrite=ppm,
RD-00079,2026-03-09 15:50,SYS-0033,Kyle Bishop,field,1489.0,10.2,0,251.0,,,,0.35,36.0,,,cond=uS/cm;hard=ppm CaCO3;alk=ppm CaCO3;sulfite=ppm,
RD-00080,3/10/26 0:00,SYS-0014,BMS export,bms,2.93,8.6,,,,,,,,,,cond=mS/cm,
RD-00081,3/10/26 0:00,SYS-0015,BMS export,bms,2.96,8.8,,,,,,,,,,cond=mS/cm,
RD-00082,3/10/26 0:00,SYS-0016,BMS export,bms,2.81,8.8,,,,,,,,,,cond=mS/cm,
RD-00083,3/10/26 0:00,SYS-0017,BMS export,bms,3.08,8.9,,,,,,,,,,cond=mS/cm,
RD-00084,2026-03-10 08:10,SYS-0008,Marcus Webb,field,2781.0,9.7,,,,,,0.09,,1034.0,,cond=uS/cm;nitrite=ppm,
RD-00085,2026-03-10 08:15,SYS-0007,Marcus Webb,field,1726.0,8.7,545.0,,254.0,0.67,8.8,,,,10^2,cond=uS/cm;hard=ppm CaCO3;cl=ppm;inhib=ppm,
RD-00086,2026-03-10 08:15,SYS-0043,Marcus Webb,field,1635.0,8.7,403.0,,112.0,0.56,9.0,,,,,cond=uS/cm;hard=ppm CaCO3;cl=ppm;inhib=ppm,
RD-00087,2026-03-10 09:40,SYS-0044,Marcus Webb,field,2465.0,9.2,,,,,220.0,0.26,,,,cond=uS/cm;moly=ppm,
RD-00088,2026-03-10 10:00,BONF-CLF-B1,Central Analytical,lab,2.89,11.32,0.3,720,211,,,0.58,,,,cond=mS/cm;hard=ppm CaCO3;alk=ppm CaCO3;cl=ppm,Certified lab analysis.
RD-00089,2026-03-10 10:00,BONF-OGD-B2,Central Analytical,lab,2.84,10.99,1.2,664,120,,,0.2,,,,cond=mS/cm;hard=ppm CaCO3;alk=ppm CaCO3;cl=ppm,Certified lab analysis.
RD-00090,2026-03-10 10:00,CLPK-B1,Central Analytical,lab,3.27,10.86,0.7,519,262,,,0.24,,,,cond=mS/cm;hard=ppm CaCO3;alk=ppm CaCO3;cl=ppm,Certified lab analysis.
RD-00091,2026-03-10 10:00,MRMC-B1,Central Analytical,lab,3.04,11.35,0.5,604,250,,,0.55,,,,cond=mS/cm;hard=ppm CaCO3;alk=ppm CaCO3;cl=ppm,Certified lab analysis.
RD-00092,2026-03-10 10:00,SALT-HP1,Central Analytical,lab,1.24,10.09,0.7,327,164,,,0.56,,,,cond=mS/cm;hard=ppm CaCO3;alk=ppm CaCO3;cl=ppm,Certified lab analysis.
RD-00093,2026-03-10 10:00,SALT-HP2,Central Analytical,lab,1.21,10.24,0.8,328,154,,,0.15,,,,cond=mS/cm;hard=ppm CaCO3;alk=ppm CaCO3;cl=ppm,Certified lab analysis.
RD-00094,2026-03-10 10:50,SYS-0051,Dale Hardy,field,2724.0,11.2,1.1,687.0,,,,0.29,31.0,,,cond=uS/cm;hard=ppm CaCO3;alk=ppm CaCO3;sulfite=ppm,
RD-00095,2026-03-10 15:10,SYS-0045,Marcus Webb,field,,,0.3,,,,,,,,,hard=ppm CaCO3,
RD-00096,2026-03-10 15:45,SYS-0006,Marcus Webb,field,2652.0,11.0,0.2,623.0,,,,0.35,26.0,,,cond=uS/cm;hard=ppm CaCO3;alk=ppm CaCO3;sulfite=ppm,
RD-00097,3/11/26 0:00,SYS-0014,BMS export,bms,2.8,8.5,,,,,,,,,,cond=mS/cm,
RD-00098,3/11/26 0:00,SYS-0015,BMS export,bms,2.8,8.9,,,,,,,,,,cond=mS/cm,
RD-00099,3/11/26 0:00,SYS-0016,BMS export,bms,3.02,,,,,,,,,,,cond=mS/cm,
RD-00100,3/11/26 0:00,SYS-0017,BMS export,bms,2.88,8.5,,,,,,,,,,cond=mS/cm,
RD-00101,2026-03-11 11:45,SYS-0029,Tomas Rivera,field,2455.0,9.4,,,,,239.0,0.25,,,,cond=uS/cm;moly=ppm,
RD-00102,2026-03-11 13:10,SYS-0028,Tomas Rivera,field,1516.0,8.2,340.0,,184.0,0.83,8.7,,,,10^2,cond=uS/cm;hard=ppm CaCO3;cl=ppm;inhib=ppm,
RD-00103,2026-03-11 13:40,SYS-0027,Tomas Rivera,field,3078.0,10.9,1.3,,,,,0.15,31.0,,,cond=uS/cm;hard=ppm CaCO3;alk=ppm CaCO3;sulfite=ppm,
RD-00104,3/12/26 0:00,SYS-0014,BMS export,bms,2.85,,,,,,,,,,,cond=mS/cm,
RD-00105,3/12/26 0:00,SYS-0015,BMS export,bms,2.86,8.5,,,,,,,,,,cond=mS/cm,
RD-00106,3/12/26 0:00,SYS-0016,BMS export,bms,2.87,8.9,,,,,,,,,,cond=mS/cm,
RD-00107,3/12/26 0:00,SYS-0017,BMS export,bms,3.17,8.6,,,,,,,,,,cond=mS/cm,
RD-00108,2026-03-12 08:20,SYS-0031,Dale Hardy,field,1633.0,8.7,18.8,,196.0,0.37,11.7,,,,,cond=uS/cm;hard=gpg;cl=ppm;inhib=ppm,
RD-00109,2026-03-12 11:15,SYS-0016,Jenn Fowler,field,3161.0,8.5,411.0,,239.0,0.53,14.4,,,,10^2,cond=uS/cm;hard=ppm CaCO3;cl=ppm;inhib=ppm,
RD-00110,2026-03-12 11:30,SYS-0015,Jenn Fowler,field,2924.0,8.9,425.0,,189,0.57,15.4,,,,10^2,cond=uS/cm;hard=ppm CaCO3;cl=ppm;inhib=ppm,
RD-00111,2026-03-12 11:40,SYS-0014,Jenn Fowler,field,2931.0,9.0,387.0,,263.0,0.63,13.4,,,,10^2,cond=uS/cm;hard=ppm CaCO3;cl=ppm;inhib=ppm,
RD-00112,2026-03-12 13:10,SYS-0018,Jenn Fowler,field,2562.0,9.6,,,,,231.0,0.23,,,,cond=uS/cm;moly=ppm,
RD-00113,2026-03-12 14:50,SYS-0030,Dale Hardy,field,2683.0,9.4,,,,,,0.27,,908.0,,cond=uS/cm;nitrite=ppm,
RD-00114,2026-03-12 15:10,SYS-0017,Jenn Fowler,field,2890.0,8.6,368.0,,211.0,0.4,13.0,,,,10^2,cond=uS/cm;hard=ppm CaCO3;cl=ppm;inhib=ppm,
RD-00115,3/13/26 0:00,SYS-0014,BMS export,bms,2.92,8.9,,,,,,,,,,cond=mS/cm,
RD-00116,3/13/26 0:00,SYS-0015,BMS export,bms,2.9,8.8,,,,,,,,,,cond=mS/cm,
RD-00117,3/13/26 0:00,SYS-0016,BMS export,bms,2.82,,,,,,,,,,,cond=mS/cm,
RD-00118,3/13/26 0:00,SYS-0017,BMS export,bms,2.98,8.8,,,,,,,,,,cond=mS/cm,
RD-00119,2026-03-13 09:40,SYS-0011,Kyle Bishop,field,3020.0,11.1,0.2,552.0,,,,0.26,32.0,,,cond=uS/cm;hard=ppm CaCO3;alk=ppm CaCO3;sulfite=ppm,
RD-00120,2026-03-13 10:50,SYS-0012,Kyle Bishop,field,1433.0,8.7,482.0,,180.0,0.56,10.7,,,,10^2,cond=uS/cm;hard=ppm CaCO3;cl=ppm;inhib=ppm,
RD-00121,2026-03-13 13:15,SYS-0042,Jenn Fowler,field,1503.0,8.8,399.0,,229.0,0.62,7.2,,,,10^2,cond=uS/cm;hard=ppm CaCO3;cl=ppm;inhib=ppm,
RD-00122,2026-03-13 14:40,SYS-0041,Jenn Fowler,field,2858.0,10.9,0.9,625.0,,,,0.3,29.0,,,cond=uS/cm;hard=ppm CaCO3;alk=ppm CaCO3;sulfite=ppm,
RD-00123,2026-03-13 15:30,SYS-0013,Kyle Bishop,field,3213.0,10.0,,,,,294.0,0.23,,,,cond=uS/cm;moly=ppm,
RD-00124,3/14/26 0:00,SYS-0014,BMS export,bms,2.76,,,,,,,,,,,cond=mS/cm,
RD-00125,3/14/26 0:00,SYS-0015,BMS export,bms,2.91,,,,,,,,,,,cond=mS/cm,
RD-00126,3/14/26 0:00,SYS-0016,BMS export,bms,2.99,,,,,,,,,,,cond=mS/cm,
RD-00127,3/14/26 0:00,SYS-0017,BMS export,bms,2.95,8.8,,,,,,,,,,cond=mS/cm,
RD-00128,3/15/26 0:00,SYS-0014,BMS export,bms,2.81,8.9,,,,,,,,,,cond=mS/cm,
RD-00129,3/15/26 0:00,SYS-0015,BMS export,bms,2.88,,,,,,,,,,,cond=mS/cm,
RD-00130,3/15/26 0:00,SYS-0016,BMS export,bms,2.88,8.8,,,,,,,,,,cond=mS/cm,
RD-00131,3/15/26 0:00,SYS-0017,BMS export,bms,2.92,8.4,,,,,,,,,,cond=mS/cm,
RD-00132,3/16/26 0:00,SYS-0014,BMS export,bms,2.94,8.7,,,,,,,,,,cond=mS/cm,
RD-00133,3/16/26 0:00,SYS-0015,BMS export,bms,2.77,,,,,,,,,,,cond=mS/cm,
RD-00134,3/16/26 0:00,SYS-0016,BMS export,bms,2.95,,,,,,,,,,,cond=mS/cm,
RD-00135,3/16/26 0:00,SYS-0017,BMS export,bms,2.97,8.7,,,,,,,,,,cond=mS/cm,
RD-00136,2026-03-16 09:20,SYS-0004,Jenn Fowler,field,1560.0,8.6,431.0,,211.0,0.97,9.4,,,,10^3,cond=uS/cm;hard=ppm CaCO3;cl=ppm;inhib=ppm,
RD-00137,2026-03-16 09:20,SYS-0005,Jenn Fowler,field,2499.0,9.3,,,,,,0.32,,1052.0,,cond=uS/cm;nitrite=ppm,
RD-00138,2026-03-16 10:50,SYS-0002,Jenn Fowler,field,3052.0,11.0,0.9,645.0,,,,0.35,30.0,,,cond=uS/cm;hard=ppm CaCO3;alk=ppm CaCO3;sulfite=ppm,
RD-00139,2026-03-16 12:10,SYS-0001,Jenn Fowler,field,2944.0,11.0,0.8,,,,,0.05,28.0,,,cond=uS/cm;hard=ppm CaCO3;alk=ppm CaCO3;sulfite=ppm,
RD-00140,2026-03-16 12:30,SYS-0003,Jenn Fowler,field,1578.0,8.5,359.0,,121.0,0.66,10.8,,,,10^3,cond=uS/cm;hard=ppm CaCO3;cl=ppm;inhib=ppm,
RD-00141,2026-03-16 12:40,SYS-0040,Dale Hardy,field,2875.0,11.2,0.3,658.0,,,,0.22,29.0,,,cond=uS/cm;hard=ppm CaCO3;alk=ppm CaCO3;sulfite=ppm,
RD-00142,2026-03-16 12:45,SYS-0052,Kyle Bishop,field,3161.0,11.2,0.5,547.0,,,,0.25,29.0,,,cond=uS/cm;hard=ppm CaCO3;alk=ppm CaCO3;sulfite=ppm,
RD-00143,3/17/26 0:00,SYS-0014,BMS export,bms,2.91,8.7,,,,,,,,,,cond=mS/cm,
RD-00144,3/17/26 0:00,SYS-0015,BMS export,bms,2.89,,,,,,,,,,,cond=mS/cm,
RD-00145,3/17/26 0:00,SYS-0016,BMS export,bms,2.97,,,,,,,,,,,cond=mS/cm,
RD-00146,3/17/26 0:00,SYS-0017,BMS export,bms,3.01,8.5,,,,,,,,,,cond=mS/cm,
RD-00147,2026-03-17 08:20,SYS-0008,Marcus Webb,field,3369.0,9.8,,,,,,0.08,,1091.0,,cond=uS/cm;nitrite=ppm,
RD-00148,2026-03-17 08:50,SYS-0009,Marcus Webb,field,2864.0,10.9,0.3,665.0,,,,0.12,25.0,,,cond=uS/cm;hard=ppm CaCO3;alk=ppm CaCO3;sulfite=ppm,
RD-00149,2026-03-17 11:30,SYS-0010,Marcus Webb,field,1581.0,8.6,385.0,,230.0,0.88,11.4,,,,10^2,cond=uS/cm;hard=ppm CaCO3;cl=ppm;inhib=ppm,
RD-00150,2026-03-17 14:10,SYS-0006,Marcus Webb,field,3124.0,11.1,0.7,624.0,,,,0.29,26.0,,,cond=uS/cm;hard=ppm CaCO3;alk=ppm CaCO3;sulfite=ppm,
RD-00151,2026-03-17 14:10,SYS-0007,Marcus Webb,field,1384.0,8.4,367.0,,104.0,0.33,10.8,,,,10^2,cond=uS/cm;hard=ppm CaCO3;cl=ppm;inhib=ppm,
RD-00152,3/18/26 0:00,SYS-0014,BMS export,bms,2.86,8.9,,,,,,,,,,cond=mS/cm,
RD-00153,3/18/26 0:00,SYS-0015,BMS export,bms,2.99,8.7,,,,,,,,,,cond=mS/cm,
RD-00154,3/18/26 0:00,SYS-0016,BMS export,bms,2.99,8.7,,,,,,,,,,cond=mS/cm,
RD-00155,3/18/26 0:00,SYS-0017,BMS export,bms,2.91,8.8,,,,,,,,,,cond=mS/cm,
RD-00156,2026-03-18 08:10,SYS-0029,Tomas Rivera,field,2402.0,9.8,,,,,270.0,0.2,,,,cond=uS/cm;moly=ppm,
RD-00157,2026-03-18 08:15,SYS-0037,Tomas Rivera,field,2536.0,11.0,0.1,,,,,0.39,31.0,,,cond=uS/cm;hard=ppm CaCO3;alk=ppm CaCO3;sulfite=ppm,
RD-00158,2026-03-18 11:20,SYS-0036,Tomas Rivera,field,2872.0,11.4,1.3,718.0,,,,0.21,24.0,,,cond=uS/cm;hard=ppm CaCO3;alk=ppm CaCO3;sulfite=ppm,
RD-00159,2026-03-18 11:50,SYS-0019,Marcus Webb,field,3029.0,9.6,,,,,,0.34,,980,,cond=uS/cm;nitrite=ppm,Sample drawn before re-dose.
RD-00160,2026-03-18 12:10,SYS-0021,Marcus Webb,field,2798.0,11.2,0.8,621.0,,,,0.22,32.0,,,cond=uS/cm;hard=ppm CaCO3;alk=ppm CaCO3;sulfite=ppm,
RD-00161,2026-03-18 12:20,SYS-0039,Tomas Rivera,field,2864.0,9.3,,,,,,0.02,,1104.0,,cond=uS/cm;nitrite=ppm,
RD-00162,2026-03-18 13:00,SYS-0038,Tomas Rivera,field,1719.0,8.7,428.0,,150.0,0.66,9.3,,,,,cond=uS/cm;hard=ppm CaCO3;cl=ppm;inhib=ppm,
RD-00163,2026-03-18 13:45,SYS-0028,Tomas Rivera,field,1603.0,8.4,446.0,,210.0,0.47,11.3,,,,10^3,cond=uS/cm;hard=ppm CaCO3;cl=ppm;inhib=ppm,
RD-00164,2026-03-18 14:10,SYS-0027,Tomas Rivera,field,3102.0,10.9,0.6,,,,,0.17,33.0,,,cond=uS/cm;hard=ppm CaCO3;alk=ppm CaCO3;sulfite=ppm,
RD-00165,2026-03-18 15:40,SYS-0020,Marcus Webb,field,1390.0,8.5,409.0,,192.0,0.58,9.6,,,,10^3,cond=uS/cm;hard=ppm CaCO3;cl=ppm;inhib=ppm,
RD-00166,3/19/26 0:00,SYS-0014,BMS export,bms,2.9,8.8,,,,,,,,,,cond=mS/cm,
RD-00167,3/19/26 0:00,SYS-0015,BMS export,bms,2.94,,,,,,,,,,,cond=mS/cm,
RD-00168,3/19/26 0:00,SYS-0016,BMS export,bms,2.91,,,,,,,,,,,cond=mS/cm,
RD-00169,3/19/26 0:00,SYS-0017,BMS export,bms,2.85,8.5,,,,,,,,,,cond=mS/cm,
RD-00170,2026-03-19 09:00,SYS-0014,Jenn Fowler,field,2839.0,8.8,365.0,,208.0,0.73,14.7,,,,,cond=uS/cm;hard=ppm CaCO3;cl=ppm;inhib=ppm,
RD-00171,2026-03-19 09:45,SYS-0015,Jenn Fowler,field,2890.0,8.6,325.0,,187,0.64,15.3,,,,,cond=uS/cm;hard=ppm CaCO3;cl=ppm;inhib=ppm,
RD-00172,2026-03-19 11:10,SYS-0016,Jenn Fowler,field,2919.0,8.8,433.0,,252.0,0.76,15.8,,,,10^2,cond=uS/cm;hard=ppm CaCO3;cl=ppm;inhib=ppm,
RD-00173,2026-03-19 11:45,SYS-0046,Dale Hardy,field,3046.0,11.2,0,,,,,0.2,31.0,,,cond=uS/cm;hard=ppm CaCO3;alk=ppm CaCO3;sulfite=ppm,
RD-00174,2026-03-19 12:50,SYS-0018,Jenn Fowler,field,2718.0,9.7,,,,,245.0,0.19,,,,cond=uS/cm;moly=ppm,
RD-00175,2026-03-19 13:00,SYS-0026,Dale Hardy,field,1614.0,8.3,25.9,,214.0,0.51,11.3,,,,,cond=uS/cm;hard=gpg;cl=ppm;inhib=ppm,
RD-00176,2026-03-19 14:20,SYS-0017,Jenn Fowler,field,2985.0,8.4,476.0,,259.0,0.46,17.3,,,,10^2,cond=uS/cm;hard=ppm CaCO3;cl=ppm;inhib=ppm,
RD-00177,2026-03-19 14:30,SYS-0025,Dale Hardy,field,3206.0,11.1,0.3,682.0,,,,0.38,32.0,,,cond=uS/cm;hard=ppm CaCO3;alk=ppm CaCO3;sulfite=ppm,
RD-00178,3/20/26 0:00,SYS-0014,BMS export,bms,2.84,8.7,,,,,,,,,,cond=mS/cm,
RD-00179,3/20/26 0:00,SYS-0015,BMS export,bms,3.1,,,,,,,,,,,cond=mS/cm,
RD-00180,3/20/26 0:00,SYS-0016,BMS export,bms,2.85,8.6,,,,,,,,,,cond=mS/cm,
RD-00181,3/20/26 0:00,SYS-0017,BMS export,bms,2.92,,,,,,,,,,,cond=mS/cm,
RD-00182,2026-03-20 08:45,SYS-0012,Kyle Bishop,field,1612.0,8.7,442.0,,194.0,0.82,9.4,,,,,cond=uS/cm;hard=ppm CaCO3;cl=ppm;inhib=ppm,
RD-00183,2026-03-20 09:30,SYS-0041,Jenn Fowler,field,3066.0,11.0,0.5,,,,,0.29,29.0,,,cond=uS/cm;hard=ppm CaCO3;alk=ppm CaCO3;sulfite=ppm,
RD-00184,2026-03-20 09:30,SYS-0042,Jenn Fowler,field,1529.0,8.8,403.0,,200.0,0.37,11.2,,,,10^2,cond=uS/cm;hard=ppm CaCO3;cl=ppm;inhib=ppm,
RD-00185,2026-03-20 12:00,SYS-0011,Kyle Bishop,field,2858.0,11.3,0.7,609.0,,,,0.17,41.0,,,cond=uS/cm;hard=ppm CaCO3;alk=ppm CaCO3;sulfite=ppm,
RD-00186,2026-03-20 15:00,SYS-0013,Kyle Bishop,field,2975.0,8.9,,,,,256.0,0.22,,,,cond=uS/cm;moly=ppm,
RD-00187,3/21/26 0:00,SYS-0014,BMS export,bms,2.78,8.7,,,,,,,,,,cond=mS/cm,
RD-00188,3/21/26 0:00,SYS-0015,BMS export,bms,2.98,8.7,,,,,,,,,,cond=mS/cm,
RD-00189,3/21/26 0:00,SYS-0016,BMS export,bms,2.93,,,,,,,,,,,cond=mS/cm,
RD-00190,3/21/26 0:00,SYS-0017,BMS export,bms,2.99,8.3,,,,,,,,,,cond=mS/cm,
RD-00191,3/22/26 0:00,SYS-0014,BMS export,bms,2.87,8.6,,,,,,,,,,cond=mS/cm,
RD-00192,3/22/26 0:00,SYS-0015,BMS export,bms,2.94,,,,,,,,,,,cond=mS/cm,
RD-00193,3/22/26 0:00,SYS-0016,BMS export,bms,2.97,,,,,,,,,,,cond=mS/cm,
RD-00194,3/22/26 0:00,SYS-0017,BMS export,bms,2.89,,,,,,,,,,,cond=mS/cm,
RD-00195,3/23/26 0:00,SYS-0014,BMS export,bms,2.63,,,,,,,,,,,cond=mS/cm,
RD-00196,3/23/26 0:00,SYS-0015,BMS export,bms,2.85,,,,,,,,,,,cond=mS/cm,
RD-00197,3/23/26 0:00,SYS-0016,BMS export,bms,2.95,8.8,,,,,,,,,,cond=mS/cm,
RD-00198,3/23/26 0:00,SYS-0017,BMS export,bms,2.82,,,,,,,,,,,cond=mS/cm,
RD-00199,2026-03-23 08:00,SYS-0033,Kyle Bishop,field,1430.0,10.2,0,334.0,,,,0.39,44.0,,,cond=uS/cm;hard=ppm CaCO3;alk=ppm CaCO3;sulfite=ppm,
RD-00200,2026-03-23 09:50,SYS-0004,Jenn Fowler,field,1471.0,8.7,411.0,,171.0,0.69,9.0,,,,10^2,cond=uS/cm;hard=ppm CaCO3;cl=ppm;inhib=ppm,
RD-00201,2026-03-23 11:50,SYS-0005,Jenn Fowler,field,2869.0,9.2,,,,,,0.11,,933.0,,cond=uS/cm;nitrite=ppm,
RD-00202,2026-03-23 12:00,SYS-0002,Jenn Fowler,field,2754.0,11.1,0.7,569.0,,,,0.05,28.0,,,cond=uS/cm;hard=ppm CaCO3;alk=ppm CaCO3;sulfite=ppm,
RD-00203,2026-03-23 13:50,SYS-0001,Jenn Fowler,field,3161.0,11.2,0.6,616.0,,,,0.21,29.0,,,cond=uS/cm;hard=ppm CaCO3;alk=ppm CaCO3;sulfite=ppm,
RD-00204,2026-03-23 15:30,SYS-0034,Kyle Bishop,field,1545.0,8.3,412.0,,81.0,0.73,9.9,,,,,cond=uS/cm;hard=ppm CaCO3;cl=ppm;inhib=ppm,
RD-00205,2026-03-23 15:40,SYS-0003,Jenn Fowler,field,1724.0,8.8,447.0,,171.0,0.4,9.9,,,,10^2,cond=uS/cm;hard=ppm CaCO3;cl=ppm;inhib=ppm,
RD-00206,2026-03-23 15:45,SYS-0032,Kyle Bishop,field,1272.0,10.1,0.5,,,,,0.3,45.0,,,cond=uS/cm;hard=ppm CaCO3;alk=ppm CaCO3;sulfite=ppm,
RD-00207,3/24/26 0:00,SYS-0014,BMS export,bms,2.93,8.7,,,,,,,,,,cond=mS/cm,
RD-00208,3/24/26 0:00,SYS-0015,BMS export,bms,2.73,8.8,,,,,,,,,,cond=mS/cm,
RD-00209,3/24/26 0:00,SYS-0016,BMS export,bms,3.0,8.7,,,,,,,,,,cond=mS/cm,
RD-00210,3/24/26 0:00,SYS-0017,BMS export,bms,2.93,8.8,,,,,,,,,,cond=mS/cm,
RD-00211,2026-03-24 08:10,SYS-0007,Marcus Webb,field,1618.0,8.7,409.0,,168.0,0.91,11.1,,,,,cond=uS/cm;hard=ppm CaCO3;cl=ppm;inhib=ppm,
RD-00212,2026-03-24 10:30,SYS-0043,Marcus Webb,field,1557.0,8.7,458.0,,146.0,0.53,11.8,,,,,cond=uS/cm;hard=ppm CaCO3;cl=ppm;inhib=ppm,
RD-00213,2026-03-24 11:15,SYS-0044,Marcus Webb,field,3058.0,9.4,,,,,292.0,0.14,,,,cond=uS/cm;moly=ppm,
RD-00214,2026-03-24 14:00,SYS-0008,Marcus Webb,field,2645.0,9.7,,,,,,0.07,,877.0,,cond=uS/cm;nitrite=ppm,
RD-00215,2026-03-24 15:00,SYS-0006,Marcus Webb,field,3189.0,11.2,0.3,663.0,,,,0.32,23.0,,,cond=uS/cm;hard=ppm CaCO3;alk=ppm CaCO3;sulfite=ppm,
RD-00216,3/25/26 0:00,SYS-0014,BMS export,bms,2.83,8.7,,,,,,,,,,cond=mS/cm,
RD-00217,3/25/26 0:00,SYS-0015,BMS export,bms,2.91,,,,,,,,,,,cond=mS/cm,
RD-00218,3/25/26 0:00,SYS-0016,BMS export,bms,2.95,9.0,,,,,,,,,,cond=mS/cm,
RD-00219,3/25/26 0:00,SYS-0017,BMS export,bms,3.09,,,,,,,,,,,cond=mS/cm,
RD-00220,2026-03-25 08:00,SYS-0027,Tomas Rivera,field,2828.0,11.1,0,639.0,,,,0.33,42.0,,,cond=uS/cm;hard=ppm CaCO3;alk=ppm CaCO3;sulfite=ppm,
RD-00221,2026-03-25 08:00,SYS-0049,Tomas Rivera,field,1674.0,8.8,301.0,,218.0,0.19,9.9,,,,10^2,cond=uS/cm;hard=ppm CaCO3;cl=ppm;inhib=ppm,
RD-00222,2026-03-25 09:10,SYS-0028,Tomas Rivera,field,1474.0,8.5,293.0,,151.0,0.53,9.5,,,,10^2,cond=uS/cm;hard=ppm CaCO3;cl=ppm;inhib=ppm,
RD-00223,2026-03-25 13:40,SYS-0050,Tomas Rivera,field,1518.0,8.2,477.0,,223.0,0.35,11.1,,,,10^3,cond=uS/cm;hard=ppm CaCO3;cl=ppm;inhib=ppm,
RD-00224,2026-03-25 15:50,SYS-0029,Tomas Rivera,field,3185.0,9.3,,,,,240.0,0.06,,,,cond=uS/cm;moly=ppm,
RD-00225,3/26/26 0:00,SYS-0014,BMS export,bms,2.72,,,,,,,,,,,cond=mS/cm,
RD-00226,3/26/26 0:00,SYS-0015,BMS export,bms,3.08,,,,,,,,,,,cond=mS/cm,
RD-00227,3/26/26 0:00,SYS-0016,BMS export,bms,2.94,8.5,,,,,,,,,,cond=mS/cm,
RD-00228,3/26/26 0:00,SYS-0017,BMS export,bms,2.91,,,,,,,,,,,cond=mS/cm,
RD-00229,2026-03-26 08:40,SYS-0014,Jenn Fowler,field,2971.0,8.6,530.0,,256.0,0.38,14.7,,,,10^2,cond=uS/cm;hard=ppm CaCO3;cl=ppm;inhib=ppm,
RD-00230,2026-03-26 09:40,SYS-0018,Jenn Fowler,field,3120.0,9.5,,,,,224.0,0.08,,,,cond=uS/cm;moly=ppm,
RD-00231,2026-03-26 10:50,SYS-0016,Jenn Fowler,field,2863.0,8.6,439.0,,226.0,0.39,13.1,,,,,cond=uS/cm;hard=ppm CaCO3;cl=ppm;inhib=ppm,
RD-00232,2026-03-26 12:30,SYS-0015,Jenn Fowler,field,2710.0,8.7,418.0,,201,0.61,13.3,,,,,cond=uS/cm;hard=ppm CaCO3;cl=ppm;inhib=ppm,
RD-00233,2026-03-26 13:30,SYS-0017,Jenn Fowler,field,2833.0,8.7,550.0,,203.0,0.41,15.1,,,,10^3,cond=uS/cm;hard=ppm CaCO3;cl=ppm;inhib=ppm,
RD-00234,3/27/26 0:00,SYS-0014,BMS export,bms,2.91,,,,,,,,,,,cond=mS/cm,
RD-00235,3/27/26 0:00,SYS-0015,BMS export,bms,2.91,8.9,,,,,,,,,,cond=mS/cm,
RD-00236,3/27/26 0:00,SYS-0016,BMS export,bms,3.09,8.5,,,,,,,,,,cond=mS/cm,
RD-00237,3/27/26 0:00,SYS-0017,BMS export,bms,2.98,8.9,,,,,,,,,,cond=mS/cm,
RD-00238,2026-03-27 09:40,SYS-0013,Kyle Bishop,field,2876.0,9.5,,,,,226.0,0.14,,,,cond=uS/cm;moly=ppm,
RD-00239,2026-03-27 11:20,SYS-0042,Jenn Fowler,field,1427.0,8.3,493.0,,208.0,0.5,11.0,,,,10^2,cond=uS/cm;hard=ppm CaCO3;cl=ppm;inhib=ppm,
RD-00240,2026-03-27 12:00,SYS-0041,Jenn Fowler,field,2666.0,11.2,0.5,603.0,,,,0.15,31.0,,,cond=uS/cm;hard=ppm CaCO3;alk=ppm CaCO3;sulfite=ppm,
RD-00241,2026-03-27 12:10,SYS-0012,Kyle Bishop,field,1521.0,8.4,476.0,,152.0,0.51,11.8,,,,10^3,cond=uS/cm;hard=ppm CaCO3;cl=ppm;inhib=ppm,
RD-00242,2026-03-27 13:10,SYS-0011,Kyle Bishop,field,3207.0,11.3,0.3,,,,,0.57,29.0,,,cond=uS/cm;hard=ppm CaCO3;alk=ppm CaCO3;sulfite=ppm,
RD-00243,3/28/26 0:00,SYS-0014,BMS export,bms,2.88,8.7,,,,,,,,,,cond=mS/cm,
RD-00244,3/28/26 0:00,SYS-0015,BMS export,bms,2.71,8.7,,,,,,,,,,cond=mS/cm,
RD-00245,3/28/26 0:00,SYS-0016,BMS export,bms,2.9,,,,,,,,,,,cond=mS/cm,
RD-00246,3/28/26 0:00,SYS-0017,BMS export,bms,2.98,8.7,,,,,,,,,,cond=mS/cm,
RD-00247,3/29/26 0:00,SYS-0014,BMS export,bms,2.86,8.3,,,,,,,,,,cond=mS/cm,
RD-00248,3/29/26 0:00,SYS-0015,BMS export,bms,2.84,8.9,,,,,,,,,,cond=mS/cm,
RD-00249,3/29/26 0:00,SYS-0016,BMS export,bms,2.98,8.9,,,,,,,,,,cond=mS/cm,
RD-00250,3/29/26 0:00,SYS-0017,BMS export,bms,2.94,8.5,,,,,,,,,,cond=mS/cm,
RD-00251,3/30/26 0:00,SYS-0014,BMS export,bms,2.85,8.6,,,,,,,,,,cond=mS/cm,
RD-00252,3/30/26 0:00,SYS-0015,BMS export,bms,2.91,8.8,,,,,,,,,,cond=mS/cm,
RD-00253,3/30/26 0:00,SYS-0016,BMS export,bms,2.7,8.6,,,,,,,,,,cond=mS/cm,
RD-00254,3/30/26 0:00,SYS-0017,BMS export,bms,3.16,,,,,,,,,,,cond=mS/cm,
RD-00255,2026-03-30 08:15,SYS-0005,Jenn Fowler,field,2131.0,9.5,,,,,,0.21,,1049.0,,cond=uS/cm;nitrite=ppm,
RD-00256,2026-03-30 09:20,SYS-0040,Dale Hardy,field,2451.0,11.1,0.1,,,,,0.14,34.0,,,cond=uS/cm;hard=ppm CaCO3;alk=ppm CaCO3;sulfite=ppm,
RD-00257,2026-03-30 10:10,SYS-0004,Jenn Fowler,field,1580.0,8.6,365.0,,150.0,0.99,13.1,,,,10^2,cond=uS/cm;hard=ppm CaCO3;cl=ppm;inhib=ppm,
RD-00258,2026-03-30 11:00,SYS-0001,Jenn Fowler,field,2815.0,11.1,0.5,639.0,,,,0.19,35.0,,,cond=uS/cm;hard=ppm CaCO3;alk=ppm CaCO3;sulfite=ppm,
RD-00259,2026-03-30 11:40,SYS-0002,Jenn Fowler,field,2695.0,11.1,0.6,,,,,0.33,20.0,,,cond=uS/cm;hard=ppm CaCO3;alk=ppm CaCO3;sulfite=ppm,
RD-00260,2026-03-30 15:20,SYS-0003,Jenn Fowler,field,1432.0,8.5,354.0,,187.0,0.42,9.9,,,,10^3,cond=uS/cm;hard=ppm CaCO3;cl=ppm;inhib=ppm,
RD-00261,3/31/26 0:00,SYS-0014,BMS export,bms,2.93,8.7,,,,,,,,,,cond=mS/cm,
RD-00262,3/31/26 0:00,SYS-0015,BMS export,bms,2.81,8.8,,,,,,,,,,cond=mS/cm,
RD-00263,3/31/26 0:00,SYS-0016,BMS export,bms,2.85,8.6,,,,,,,,,,cond=mS/cm,
RD-00264,3/31/26 0:00,SYS-0017,BMS export,bms,2.92,8.9,,,,,,,,,,cond=mS/cm,
RD-00265,2026-03-31 08:15,SYS-0008,Marcus Webb,field,2788.0,9.3,,,,,,0.12,,975.0,,cond=uS/cm;nitrite=ppm,
RD-00266,2026-03-31 09:20,SYS-0006,Marcus Webb,field,2735.0,11.2,0.0,,,,,0.4,30.0,,,cond=uS/cm;hard=ppm CaCO3;alk=ppm CaCO3;sulfite=ppm,
RD-00267,2026-03-31 10:45,SYS-0007,Marcus Webb,field,1671.0,8.4,522.0,,131.0,1.01,13.0,,,,10^3,cond=uS/cm;hard=ppm CaCO3;cl=ppm;inhib=ppm,
RD-00268,2026-03-31 14:50,SYS-0010,Marcus Webb,field,1449.0,8.3,392.0,,194.0,0.3,8.5,,,,,cond=uS/cm;hard=ppm CaCO3;cl=ppm;inhib=ppm,
RD-00269,2026-03-31 15:45,SYS-0009,Marcus Webb,field,2758.0,11.1,0.2,696.0,,,,0.28,28.0,,,cond=uS/cm;hard=ppm CaCO3;alk=ppm CaCO3;sulfite=ppm,
RD-00270,4/1/26 0:00,SYS-0014,BMS export,bms,2.85,8.7,,,,,,,,,,cond=mS/cm,
RD-00271,4/1/26 0:00,SYS-0015,BMS export,bms,2.81,8.8,,,,,,,,,,cond=mS/cm,
RD-00272,4/1/26 0:00,SYS-0016,BMS export,bms,2.98,,,,,,,,,,,cond=mS/cm,
RD-00273,4/1/26 0:00,SYS-0017,BMS export,bms,2.96,,,,,,,,,,,cond=mS/cm,
RD-00274,2026-04-01 08:50,SYS-0021,Marcus Webb,field,3052.0,11.3,0.1,,,,,0.54,37.0,,,cond=uS/cm;hard=ppm CaCO3;alk=ppm CaCO3;sulfite=ppm,
RD-00275,2026-04-01 10:10,SYS-0038,Tomas Rivera,field,1510.0,9.0,438.0,,184.0,0.75,10.3,,,,,cond=uS/cm;hard=ppm CaCO3;cl=ppm;inhib=ppm,
RD-00276,2026-04-01 11:20,SYS-0029,Tomas Rivera,field,2434.0,9.4,,,,,188.0,0.11,,,,cond=uS/cm;moly=ppm,
RD-00277,2026-04-01 11:45,SYS-0027,Tomas Rivera,field,2660.0,11.3,0.5,665.0,,,,0.57,31.0,,,cond=uS/cm;hard=ppm CaCO3;alk=ppm CaCO3;sulfite=ppm,
RD-00278,2026-04-01 12:45,SYS-0020,Marcus Webb,field,1266.0,8.7,380.0,,143.0,0.72,13.5,,,,10^2,cond=uS/cm;hard=ppm CaCO3;cl=ppm;inhib=ppm,
RD-00279,2026-04-01 12:45,SYS-0028,Tomas Rivera,field,1561.0,8.5,410.0,,208.0,0.69,11.0,,,,10^2,cond=uS/cm;hard=ppm CaCO3;cl=ppm;inhib=ppm,
RD-00280,2026-04-01 13:20,SYS-0053,Kyle Bishop,field,3259.0,11.1,0.7,,,,,0.32,33.0,,,cond=uS/cm;hard=ppm CaCO3;alk=ppm CaCO3;sulfite=ppm,
RD-00281,2026-04-01 13:30,SYS-0054,Kyle Bishop,field,2891.0,9.8,,,,,,0.2,,1024.0,,cond=uS/cm;nitrite=ppm,
RD-00282,2026-04-01 13:45,SYS-0039,Tomas Rivera,field,2677.0,9.1,,,,,,0.21,,928.0,,cond=uS/cm;nitrite=ppm,
RD-00283,2026-04-01 14:40,SYS-0037,Tomas Rivera,field,2578.0,11.2,0.3,580.0,,,,0.19,29.0,,,cond=uS/cm;hard=ppm CaCO3;alk=ppm CaCO3;sulfite=ppm,
RD-00284,2026-04-01 15:30,SYS-0019,Marcus Webb,field,2292.0,9.6,,,,,,0.65,,890,,cond=uS/cm;nitrite=ppm,Sample drawn before re-dose.
RD-00285,2026-04-01 15:50,SYS-0036,Tomas Rivera,field,2953.0,11.0,0.3,574.0,,,,0.16,27.0,,,cond=uS/cm;hard=ppm CaCO3;alk=ppm CaCO3;sulfite=ppm,
RD-00286,4/2/26 0:00,SYS-0014,BMS export,bms,3.01,8.8,,,,,,,,,,cond=mS/cm,
RD-00287,4/2/26 0:00,SYS-0015,BMS export,bms,2.72,,,,,,,,,,,cond=mS/cm,
RD-00288,4/2/26 0:00,SYS-0016,BMS export,bms,2.91,,,,,,,,,,,cond=mS/cm,
RD-00289,4/2/26 0:00,SYS-0017,BMS export,bms,3.07,,,,,,,,,,,cond=mS/cm,
RD-00290,2026-04-02 09:00,SYS-0016,Jenn Fowler,field,3153.0,8.6,580.0,,214.0,0.55,17.3,,,,10^3,cond=uS/cm;hard=ppm CaCO3;cl=ppm;inhib=ppm,
RD-00291,2026-04-02 09:10,SYS-0015,Jenn Fowler,field,2855.0,8.3,583.0,,194,0.52,16.4,,,,10^3,cond=uS/cm;hard=ppm CaCO3;cl=ppm;inhib=ppm,
RD-00292,2026-04-02 10:30,SYS-0017,Jenn Fowler,field,3099.0,8.4,383.0,,259.0,0.53,16.8,,,,10^2,cond=uS/cm;hard=ppm CaCO3;cl=ppm;inhib=ppm,
RD-00293,2026-04-02 12:50,SYS-0018,Jenn Fowler,field,3421.0,9.5,,,,,268.0,0.13,,,,cond=uS/cm;moly=ppm,
RD-00294,2026-04-02 14:00,SYS-0025,Dale Hardy,field,3113.0,11.3,0.9,,,,,0.15,28.0,,,cond=uS/cm;hard=ppm CaCO3;alk=ppm CaCO3;sulfite=ppm,
RD-00295,2026-04-02 14:20,SYS-0026,Dale Hardy,field,1685.0,8.4,30.1,,160.0,0.55,12.0,,,,,cond=uS/cm;hard=gpg;cl=ppm;inhib=ppm,
RD-00296,2026-04-02 15:30,SYS-0035,Dale Hardy,field,3006.0,10.7,0.4,692.0,,,,0.18,33.0,,,cond=uS/cm;hard=ppm CaCO3;alk=ppm CaCO3;sulfite=ppm,
RD-00297,2026-04-02 15:50,SYS-0014,Jenn Fowler,field,2757.0,8.7,424.0,,222.0,0.71,13.7,,,,10^2,cond=uS/cm;hard=ppm CaCO3;cl=ppm;inhib=ppm,
RD-00298,4/3/26 0:00,SYS-0014,BMS export,bms,2.93,8.7,,,,,,,,,,cond=mS/cm,
RD-00299,4/3/26 0:00,SYS-0015,BMS export,bms,2.78,8.5,,,,,,,,,,cond=mS/cm,
RD-00300,4/3/26 0:00,SYS-0016,BMS export,bms,2.94,,,,,,,,,,,cond=mS/cm,
RD-00301,4/3/26 0:00,SYS-0017,BMS export,bms,3.04,,,,,,,,,,,cond=mS/cm,
RD-00302,2026-04-03 12:15,SYS-0042,Jenn Fowler,field,1447.0,8.5,494.0,,220.0,0.68,9.4,,,,,cond=uS/cm;hard=ppm CaCO3;cl=ppm;inhib=ppm,
RD-00303,2026-04-03 13:45,SYS-0041,Jenn Fowler,field,2840.0,11.0,0.9,,,,,0.25,27.0,,,cond=uS/cm;hard=ppm CaCO3;alk=ppm CaCO3;sulfite=ppm,
RD-00304,2026-04-03 14:20,SYS-0011,Kyle Bishop,field,2645.0,11.3,0.4,743.0,,,,0.24,20.0,,,cond=uS/cm;hard=ppm CaCO3;alk=ppm CaCO3;sulfite=ppm,
RD-00305,2026-04-03 14:40,SYS-0012,Kyle Bishop,field,1337.0,8.3,494.0,,180.0,0.6,10.0,,,,10^2,cond=uS/cm;hard=ppm CaCO3;cl=ppm;inhib=ppm,
RD-00306,2026-04-03 15:00,SYS-0013,Kyle Bishop,field,2539.0,9.2,,,,,290.0,0.25,,,,cond=uS/cm;moly=ppm,
RD-00307,4/4/26 0:00,SYS-0014,BMS export,bms,2.79,,,,,,,,,,,cond=mS/cm,
RD-00308,4/4/26 0:00,SYS-0015,BMS export,bms,2.91,,,,,,,,,,,cond=mS/cm,
RD-00309,4/4/26 0:00,SYS-0016,BMS export,bms,2.86,9.0,,,,,,,,,,cond=mS/cm,
RD-00310,4/4/26 0:00,SYS-0017,BMS export,bms,3.01,,,,,,,,,,,cond=mS/cm,
RD-00311,4/5/26 0:00,SYS-0014,BMS export,bms,2.9,8.5,,,,,,,,,,cond=mS/cm,
RD-00312,4/5/26 0:00,SYS-0015,BMS export,bms,2.92,,,,,,,,,,,cond=mS/cm,
RD-00313,4/5/26 0:00,SYS-0016,BMS export,bms,2.89,8.6,,,,,,,,,,cond=mS/cm,
RD-00314,4/5/26 0:00,SYS-0017,BMS export,bms,2.81,8.6,,,,,,,,,,cond=mS/cm,
RD-00315,4/6/26 0:00,SYS-0014,BMS export,bms,2.83,8.5,,,,,,,,,,cond=mS/cm,
RD-00316,4/6/26 0:00,SYS-0015,BMS export,bms,2.85,8.7,,,,,,,,,,cond=mS/cm,
RD-00317,4/6/26 0:00,SYS-0016,BMS export,bms,2.95,,,,,,,,,,,cond=mS/cm,
RD-00318,4/6/26 0:00,SYS-0017,BMS export,bms,3.01,8.6,,,,,,,,,,cond=mS/cm,
RD-00319,2026-04-06 09:40,SYS-0033,Kyle Bishop,field,1444.0,10.2,0.5,320.0,,,,0.05,40.0,,,cond=uS/cm;hard=ppm CaCO3;alk=ppm CaCO3;sulfite=ppm,
RD-00320,2026-04-06 10:50,SYS-0001,Jenn Fowler,field,3009.0,11.1,0,,,,,0.23,31.0,,,cond=uS/cm;hard=ppm CaCO3;alk=ppm CaCO3;sulfite=ppm,
RD-00321,2026-04-06 11:40,SYS-0002,Jenn Fowler,field,3197.0,11.0,0,665.0,,,,0.22,40.0,,,cond=uS/cm;hard=ppm CaCO3;alk=ppm CaCO3;sulfite=ppm,
RD-00322,2026-04-06 11:45,SYS-0003,Jenn Fowler,field,1549.0,8.2,397.0,,193.0,0.5,12.6,,,,10^2,cond=uS/cm;hard=ppm CaCO3;cl=ppm;inhib=ppm,
RD-00323,2026-04-06 11:45,SYS-0032,Kyle Bishop,field,1326.0,10.2,0.0,368.0,,,,0.34,46.0,,,cond=uS/cm;hard=ppm CaCO3;alk=ppm CaCO3;sulfite=ppm,
RD-00324,2026-04-06 11:50,SYS-0022,Dale Hardy,field,3131.0,11.3,0.8,764.0,,,,0.23,25,,,cond=uS/cm;hard=ppm CaCO3;alk=ppm CaCO3;sulfite=ppm,
RD-00325,2026-04-06 12:20,SYS-0034,Kyle Bishop,field,1611.0,8.6,511.0,,193.0,0.56,12.8,,,,10^2,cond=uS/cm;hard=ppm CaCO3;cl=ppm;inhib=ppm,
RD-00326,2026-04-06 14:15,SYS-0005,Jenn Fowler,field,3099.0,9.3,,,,,,0.14,,902.0,,cond=uS/cm;nitrite=ppm,
RD-00327,2026-04-06 14:45,SYS-0004,Jenn Fowler,field,1571.0,8.4,516.0,,92.0,0.63,11.6,,,,10^2,cond=uS/cm;hard=ppm CaCO3;cl=ppm;inhib=ppm,
RD-00328,4/7/26 0:00,SYS-0014,BMS export,bms,2.87,,,,,,,,,,,cond=mS/cm,
RD-00329,4/7/26 0:00,SYS-0015,BMS export,bms,2.68,,,,,,,,,,,cond=mS/cm,
RD-00330,4/7/26 0:00,SYS-0016,BMS export,bms,3.05,,,,,,,,,,,cond=mS/cm,
RD-00331,4/7/26 0:00,SYS-0017,BMS export,bms,2.95,8.6,,,,,,,,,,cond=mS/cm,
RD-00332,2026-04-07 09:40,SYS-0043,Marcus Webb,field,1497.0,8.7,502.0,,87.0,0.62,9.8,,,,,cond=uS/cm;hard=ppm CaCO3;cl=ppm;inhib=ppm,
RD-00333,2026-04-07 10:10,SYS-0044,Marcus Webb,field,2682.0,9.6,,,,,206.0,0.23,,,,cond=uS/cm;moly=ppm,
RD-00334,2026-04-07 10:20,SYS-0008,Marcus Webb,field,2507.0,9.5,,,,,,0.27,,1091.0,,cond=uS/cm;nitrite=ppm,
RD-00335,2026-04-07 11:45,SYS-0006,Marcus Webb,field,3095.0,11.4,0.3,,,,,0.41,34.0,,,cond=uS/cm;hard=ppm CaCO3;alk=ppm CaCO3;sulfite=ppm,
RD-00336,2026-04-07 13:20,SYS-0007,Marcus Webb,field,1645.0,8.3,365.0,,146.0,0.66,12.1,,,,10^3,cond=uS/cm;hard=ppm CaCO3;cl=ppm;inhib=ppm,
RD-00337,4/8/26 0:00,SYS-0014,BMS export,bms,2.83,8.8,,,,,,,,,,cond=mS/cm,
RD-00338,4/8/26 0:00,SYS-0015,BMS export,bms,2.84,8.4,,,,,,,,,,cond=mS/cm,
RD-00339,4/8/26 0:00,SYS-0016,BMS export,bms,2.76,,,,,,,,,,,cond=mS/cm,
RD-00340,4/8/26 0:00,SYS-0017,BMS export,bms,3.01,8.6,,,,,,,,,,cond=mS/cm,
RD-00341,2026-04-08 09:50,SYS-0029,Tomas Rivera,field,2813.0,9.7,,,,,276.0,0.28,,,,cond=uS/cm;moly=ppm,
RD-00342,2026-04-08 10:30,SYS-0027,Tomas Rivera,field,2743.0,11.0,1.1,695.0,,,,0.23,32.0,,,cond=uS/cm;hard=ppm CaCO3;alk=ppm CaCO3;sulfite=ppm,
RD-00343,2026-04-08 11:40,SYS-0028,Tomas Rivera,field,1526.0,8.9,453.0,,171.0,0.54,11.7,,,,10^2,cond=uS/cm;hard=ppm CaCO3;cl=ppm;inhib=ppm,
RD-00344,4/9/26 0:00,SYS-0014,BMS export,bms,2.9,8.7,,,,,,,,,,cond=mS/cm,
RD-00345,4/9/26 0:00,SYS-0015,BMS export,bms,2.75,,,,,,,,,,,cond=mS/cm,
RD-00346,4/9/26 0:00,SYS-0016,BMS export,bms,3.01,8.7,,,,,,,,,,cond=mS/cm,
RD-00347,4/9/26 0:00,SYS-0017,BMS export,bms,2.9,8.9,,,,,,,,,,cond=mS/cm,
RD-00348,2026-04-09 10:30,SYS-0018,Jenn Fowler,field,3073.0,9.5,,,,,244.0,0.25,,,,cond=uS/cm;moly=ppm,
RD-00349,2026-04-09 12:30,SYS-0030,Dale Hardy,field,2465.0,8.9,,,,,,0.31,,1001.0,,cond=uS/cm;nitrite=ppm,
RD-00350,2026-04-09 13:15,SYS-0031,Dale Hardy,field,1402.0,8.6,28.2,,195.0,0.43,10.4,,,,10^2,cond=uS/cm;hard=gpg;cl=ppm;inhib=ppm,
RD-00351,2026-04-09 14:45,SYS-0016,Jenn Fowler,field,2990.0,8.6,530.0,,249.0,0.53,13.6,,,,,cond=uS/cm;hard=ppm CaCO3;cl=ppm;inhib=ppm,
RD-00352,2026-04-09 15:00,SYS-0017,Jenn Fowler,field,2665.0,8.6,453.0,,233.0,0.54,14.1,,,,,cond=uS/cm;hard=ppm CaCO3;cl=ppm;inhib=ppm,
RD-00353,2026-04-09 15:10,SYS-0014,Jenn Fowler,field,3150.0,8.4,366.0,,231.0,0.81,15.0,,,,10^3,cond=uS/cm;hard=ppm CaCO3;cl=ppm;inhib=ppm,
RD-00354,2026-04-09 15:20,SYS-0015,Jenn Fowler,field,2899.0,8.8,446.0,,198,0.66,15.3,,,,10^3,cond=uS/cm;hard=ppm CaCO3;cl=ppm;inhib=ppm,
RD-00355,4/10/26 0:00,SYS-0014,BMS export,bms,2.77,8.7,,,,,,,,,,cond=mS/cm,
RD-00356,4/10/26 0:00,SYS-0015,BMS export,bms,2.86,8.5,,,,,,,,,,cond=mS/cm,
RD-00357,4/10/26 0:00,SYS-0016,BMS export,bms,3.02,8.8,,,,,,,,,,cond=mS/cm,
RD-00358,4/10/26 0:00,SYS-0017,BMS export,bms,3.06,8.8,,,,,,,,,,cond=mS/cm,
RD-00359,2026-04-10 09:00,SYS-0042,Jenn Fowler,field,1356.0,8.7,477.0,,143.0,0.44,9.1,,,,10^2,cond=uS/cm;hard=ppm CaCO3;cl=ppm;inhib=ppm,
RD-00360,2026-04-10 12:50,SYS-0041,Jenn Fowler,field,2817.0,11.1,0.7,661.0,,,,0.23,30.0,,,cond=uS/cm;hard=ppm CaCO3;alk=ppm CaCO3;sulfite=ppm,
RD-00361,2026-04-10 13:20,SYS-0011,Kyle Bishop,field,3019.0,11.1,0.4,,,,,0.44,39.0,,,cond=uS/cm;hard=ppm CaCO3;alk=ppm CaCO3;sulfite=ppm,
RD-00362,2026-04-10 13:30,SYS-0013,Kyle Bishop,field,2577.0,10.2,,,,,238.0,0.27,,,,cond=uS/cm;moly=ppm,
RD-00363,2026-04-10 14:30,SYS-0012,Kyle Bishop,field,1559.0,8.5,404.0,,146.0,0.56,12.6,,,,10^2,cond=uS/cm;hard=ppm CaCO3;cl=ppm;inhib=ppm,
RD-00364,4/11/26 0:00,SYS-0014,BMS export,bms,3.03,8.7,,,,,,,,,,cond=mS/cm,
RD-00365,4/11/26 0:00,SYS-0015,BMS export,bms,3.02,8.6,,,,,,,,,,cond=mS/cm,
RD-00366,4/11/26 0:00,SYS-0016,BMS export,bms,2.94,,,,,,,,,,,cond=mS/cm,
RD-00367,4/11/26 0:00,SYS-0017,BMS export,bms,3.1,9.0,,,,,,,,,,cond=mS/cm,
RD-00368,4/12/26 0:00,SYS-0014,BMS export,bms,2.85,,,,,,,,,,,cond=mS/cm,
RD-00369,4/12/26 0:00,SYS-0015,BMS export,bms,3.1,8.4,,,,,,,,,,cond=mS/cm,
RD-00370,4/12/26 0:00,SYS-0016,BMS export,bms,2.82,8.7,,,,,,,,,,cond=mS/cm,
RD-00371,4/12/26 0:00,SYS-0017,BMS export,bms,2.94,,,,,,,,,,,cond=mS/cm,
RD-00372,4/13/26 0:00,SYS-0014,BMS export,bms,2.91,8.6,,,,,,,,,,cond=mS/cm,
RD-00373,4/13/26 0:00,SYS-0015,BMS export,bms,2.87,8.6,,,,,,,,,,cond=mS/cm,
RD-00374,4/13/26 0:00,SYS-0016,BMS export,bms,2.96,8.7,,,,,,,,,,cond=mS/cm,
RD-00375,4/13/26 0:00,SYS-0017,BMS export,bms,2.93,,,,,,,,,,,cond=mS/cm,
RD-00376,2026-04-13 08:30,SYS-0003,Jenn Fowler,field,1521.0,8.5,425.0,,138.0,0.66,10.8,,,,10^2,cond=uS/cm;hard=ppm CaCO3;cl=ppm;inhib=ppm,
RD-00377,2026-04-13 09:30,SYS-0024,Jenn Fowler,field,2889.0,9.6,,,,,,0.1,,996.0,,cond=uS/cm;nitrite=ppm,
RD-00378,2026-04-13 09:30,SYS-0040,Dale Hardy,field,3050.0,11.3,0.8,,,,,0.22,26.0,,,cond=uS/cm;hard=ppm CaCO3;alk=ppm CaCO3;sulfite=ppm,
RD-00379,2026-04-13 11:50,SYS-0004,Jenn Fowler,field,1487.0,8.6,551.0,,233.0,0.5,13.3,,,,10^3,cond=uS/cm;hard=ppm CaCO3;cl=ppm;inhib=ppm,
RD-00380,2026-04-13 12:15,SYS-0023,Jenn Fowler,field,2986.0,11.2,0.7,719.0,,,,0.16,39.0,,,cond=uS/cm;hard=ppm CaCO3;alk=ppm CaCO3;sulfite=ppm,
RD-00381,2026-04-13 13:50,SYS-0005,Jenn Fowler,field,2901.0,9.3,,,,,,0.16,,925.0,,cond=uS/cm;nitrite=ppm,
RD-00382,2026-04-13 15:00,SYS-0001,Jenn Fowler,field,3254.0,10.8,0.4,788.0,,,,0.27,36.0,,,cond=uS/cm;hard=ppm CaCO3;alk=ppm CaCO3;sulfite=ppm,
RD-00383,2026-04-13 15:40,SYS-0002,Jenn Fowler,field,2863.0,11.0,0.8,699.0,,,,0.41,32.0,,,cond=uS/cm;hard=ppm CaCO3;alk=ppm CaCO3;sulfite=ppm,
RD-00384,4/14/26 0:00,SYS-0014,BMS export,bms,2.88,8.8,,,,,,,,,,cond=mS/cm,
RD-00385,4/14/26 0:00,SYS-0015,BMS export,bms,2.81,8.7,,,,,,,,,,cond=mS/cm,
RD-00386,4/14/26 0:00,SYS-0016,BMS export,bms,2.96,8.7,,,,,,,,,,cond=mS/cm,
RD-00387,4/14/26 0:00,SYS-0017,BMS export,bms,3.11,,,,,,,,,,,cond=mS/cm,
RD-00388,2026-04-14 10:00,BONF-CLF-B1,Central Analytical,lab,2.66,10.99,1.2,596,227,,,0.31,,,,cond=mS/cm;hard=ppm CaCO3;alk=ppm CaCO3;cl=ppm,Certified lab analysis.
RD-00389,2026-04-14 10:00,BONF-OGD-B2,Central Analytical,lab,2.71,11.3,0.1,700,284,,,0.28,,,,cond=mS/cm;hard=ppm CaCO3;alk=ppm CaCO3;cl=ppm,Certified lab analysis.
RD-00390,2026-04-14 10:00,CLPK-B1,Central Analytical,lab,2.79,11.06,0.2,503,146,,,0.35,,,,cond=mS/cm;hard=ppm CaCO3;alk=ppm CaCO3;cl=ppm,Certified lab analysis.
RD-00391,2026-04-14 10:00,MRMC-B1,Central Analytical,lab,3.05,11.12,0.6,535,267,,,0.38,,,,cond=mS/cm;hard=ppm CaCO3;alk=ppm CaCO3;cl=ppm,Certified lab analysis.
RD-00392,2026-04-14 10:00,SALT-HP1,Central Analytical,lab,1.37,10.38,0.9,230,145,,,0.25,,,,cond=mS/cm;hard=ppm CaCO3;alk=ppm CaCO3;cl=ppm,Certified lab analysis.
RD-00393,2026-04-14 10:00,SALT-HP2,Central Analytical,lab,1.34,10.14,0.6,476,234,,,0.17,,,,cond=mS/cm;hard=ppm CaCO3;alk=ppm CaCO3;cl=ppm,Certified lab analysis.
RD-00394,2026-04-14 10:20,SYS-0006,Marcus Webb,field,3204.0,11.1,0.4,,,,,0.56,39.0,,,cond=uS/cm;hard=ppm CaCO3;alk=ppm CaCO3;sulfite=ppm,
RD-00395,2026-04-14 10:45,SYS-0010,Marcus Webb,field,1533.0,8.1,476.0,,143.0,0.49,11.0,,,,10^2,cond=uS/cm;hard=ppm CaCO3;cl=ppm;inhib=ppm,
RD-00396,2026-04-14 12:50,SYS-0007,Marcus Webb,field,1444.0,8.9,452.0,,177.0,0.57,11.4,,,,10^2,cond=uS/cm;hard=ppm CaCO3;cl=ppm;inhib=ppm,
RD-00397,2026-04-14 13:30,SYS-0009,Marcus Webb,field,2843.0,11.0,0.9,,,,,0.38,35.0,,,cond=uS/cm;hard=ppm CaCO3;alk=ppm CaCO3;sulfite=ppm,
RD-00398,2026-04-14 13:45,SYS-0008,Marcus Webb,field,3109.0,9.6,,,,,,0.19,,1037.0,,cond=uS/cm;nitrite=ppm,
RD-00399,2026-04-14 13:45,SYS-0051,Dale Hardy,field,2966.0,11.1,0,,,,,0.18,31.0,,,cond=uS/cm;hard=ppm CaCO3;alk=ppm CaCO3;sulfite=ppm,
RD-00400,4/15/26 0:00,SYS-0014,BMS export,bms,2.79,,,,,,,,,,,cond=mS/cm,
RD-00401,4/15/26 0:00,SYS-0015,BMS export,bms,2.94,8.4,,,,,,,,,,cond=mS/cm,
RD-00402,4/15/26 0:00,SYS-0016,BMS export,bms,3.03,8.7,,,,,,,,,,cond=mS/cm,
RD-00403,4/15/26 0:00,SYS-0017,BMS export,bms,2.9,9.0,,,,,,,,,,cond=mS/cm,
RD-00404,2026-04-15 08:40,SYS-0029,Tomas Rivera,field,2659.0,9.4,,,,,268.0,0.2,,,,cond=uS/cm;moly=ppm,
RD-00405,2026-04-15 09:00,SYS-0036,Tomas Rivera,field,2647.0,11.2,1.4,760.0,,,,0.42,33.0,,,cond=uS/cm;hard=ppm CaCO3;alk=ppm CaCO3;sulfite=ppm,
RD-00406,2026-04-15 09:15,SYS-0019,Marcus Webb,field,3104.0,10.1,,,,,,0.57,,820,,cond=uS/cm;nitrite=ppm,Sample drawn before re-dose.
RD-00407,2026-04-15 09:45,SYS-0039,Tomas Rivera,field,2378.0,9.4,,,,,,0.26,,965.0,,cond=uS/cm;nitrite=ppm,
RD-00408,2026-04-15 10:30,SYS-0020,Marcus Webb,field,1539.0,9.1,433.0,,146.0,0.42,9.2,,,,10^3,cond=uS/cm;hard=ppm CaCO3;cl=ppm;inhib=ppm,
RD-00409,2026-04-15 10:45,SYS-0038,Tomas Rivera,field,1478.0,8.3,442.0,,147.0,0.39,12.0,,,,10^2,cond=uS/cm;hard=ppm CaCO3;cl=ppm;inhib=ppm,
RD-00410,2026-04-15 10:50,SYS-0025,Dale Hardy,field,2674.0,11.0,0.6,744.0,,,,0.17,36.0,,,cond=uS/cm;hard=ppm CaCO3;alk=ppm CaCO3;sulfite=ppm,
RD-00411,2026-04-15 12:20,SYS-0028,Tomas Rivera,field,1334.0,8.5,355.0,,202.0,0.35,10.9,,,,10^2,cond=uS/cm;hard=ppm CaCO3;cl=ppm;inhib=ppm,
RD-00412,2026-04-15 12:30,SYS-0021,Marcus Webb,field,2837.0,10.9,0.3,639.0,,,,0.34,36.0,,,cond=uS/cm;hard=ppm CaCO3;alk=ppm CaCO3;sulfite=ppm,
RD-00413,2026-04-15 12:45,SYS-0027,Tomas Rivera,field,2772.0,11.1,0.8,623.0,,,,0.27,23.0,,,cond=uS/cm;hard=ppm CaCO3;alk=ppm CaCO3;sulfite=ppm,
RD-00414,2026-04-15 13:40,SYS-0026,Dale Hardy,field,1643.0,8.5,22.8,,175.0,0.71,10.7,,,,10^3,cond=uS/cm;hard=gpg;cl=ppm;inhib=ppm,
RD-00415,2026-04-15 14:10,SYS-0037,Tomas Rivera,field,2949.0,11.0,0.7,,,,,0.29,28.0,,,cond=uS/cm;hard=ppm CaCO3;alk=ppm CaCO3;sulfite=ppm,
RD-00416,4/16/26 0:00,SYS-0014,BMS export,bms,2.71,8.7,,,,,,,,,,cond=mS/cm,
RD-00417,4/16/26 0:00,SYS-0015,BMS export,bms,2.65,8.8,,,,,,,,,,cond=mS/cm,
RD-00418,4/16/26 0:00,SYS-0016,BMS export,bms,2.97,8.7,,,,,,,,,,cond=mS/cm,
RD-00419,4/16/26 0:00,SYS-0017,BMS export,bms,2.91,,,,,,,,,,,cond=mS/cm,
RD-00420,2026-04-16 08:20,SYS-0017,Jenn Fowler,field,2790.0,8.6,353.0,,253.0,0.55,13.8,,,,10^2,cond=uS/cm;hard=ppm CaCO3;cl=ppm;inhib=ppm,
RD-00421,2026-04-16 08:45,SYS-0018,Jenn Fowler,field,2831.0,9.6,,,,,263.0,0.22,,,,cond=uS/cm;moly=ppm,
RD-00422,2026-04-16 10:15,SYS-0016,Jenn Fowler,field,3049.0,8.4,347.0,,218.0,0.65,13.0,,,,10^3,cond=uS/cm;hard=ppm CaCO3;cl=ppm;inhib=ppm,
RD-00423,2026-04-16 10:40,SYS-0015,Jenn Fowler,field,2751.0,8.6,364.0,,203,0.3,14.5,,,,10^2,cond=uS/cm;hard=ppm CaCO3;cl=ppm;inhib=ppm,
RD-00424,2026-04-16 13:15,SYS-0046,Dale Hardy,field,2805.0,10.8,0.9,653.0,,,,0.57,21.0,,,cond=uS/cm;hard=ppm CaCO3;alk=ppm CaCO3;sulfite=ppm,
RD-00425,2026-04-16 14:15,SYS-0014,Jenn Fowler,field,2981.0,8.9,383.0,,220.0,0.86,14.9,,,,10^3,cond=uS/cm;hard=ppm CaCO3;cl=ppm;inhib=ppm,
RD-00426,4/17/26 0:00,SYS-0014,BMS export,bms,2.88,8.6,,,,,,,,,,cond=mS/cm,
RD-00427,4/17/26 0:00,SYS-0015,BMS export,bms,2.82,,,,,,,,,,,cond=mS/cm,
RD-00428,4/17/26 0:00,SYS-0016,BMS export,bms,2.99,,,,,,,,,,,cond=mS/cm,
RD-00429,4/17/26 0:00,SYS-0017,BMS export,bms,2.83,,,,,,,,,,,cond=mS/cm,
RD-00430,2026-04-17 12:00,SYS-0012,Kyle Bishop,field,1450.0,8.6,488.0,,214.0,0.49,12.3,,,,,cond=uS/cm;hard=ppm CaCO3;cl=ppm;inhib=ppm,
RD-00431,2026-04-17 12:20,SYS-0013,Kyle Bishop,field,3048.0,9.7,,,,,239.0,0.26,,,,cond=uS/cm;moly=ppm,
RD-00432,2026-04-17 13:10,SYS-0011,Kyle Bishop,field,2882.0,11.2,0.5,784.0,,,,0.35,36.0,,,cond=uS/cm;hard=ppm CaCO3;alk=ppm CaCO3;sulfite=ppm,
RD-00433,2026-04-17 13:15,SYS-0042,Jenn Fowler,field,1416.0,8.7,358.0,,117.0,0.59,9.9,,,,,cond=uS/cm;hard=ppm CaCO3;cl=ppm;inhib=ppm,
RD-00434,2026-04-17 13:45,SYS-0041,Jenn Fowler,field,2895.0,11.0,0.5,548.0,,,,0.17,25.0,,,cond=uS/cm;hard=ppm CaCO3;alk=ppm CaCO3;sulfite=ppm,
RD-00435,4/18/26 0:00,SYS-0014,BMS export,bms,2.89,,,,,,,,,,,cond=mS/cm,
RD-00436,4/18/26 0:00,SYS-0015,BMS export,bms,2.82,8.8,,,,,,,,,,cond=mS/cm,
RD-00437,4/18/26 0:00,SYS-0016,BMS export,bms,2.97,8.5,,,,,,,,,,cond=mS/cm,
RD-00438,4/18/26 0:00,SYS-0017,BMS export,bms,3.05,,,,,,,,,,,cond=mS/cm,
RD-00439,4/19/26 0:00,SYS-0014,BMS export,bms,0.0,8.8,,,,,,,,,,cond=mS/cm,
RD-00440,4/19/26 0:00,SYS-0015,BMS export,bms,2.83,,,,,,,,,,,cond=mS/cm,
RD-00441,4/19/26 0:00,SYS-0016,BMS export,bms,2.73,,,,,,,,,,,cond=mS/cm,
RD-00442,4/19/26 0:00,SYS-0017,BMS export,bms,2.99,8.6,,,,,,,,,,cond=mS/cm,
RD-00443,4/20/26 0:00,SYS-0014,BMS export,bms,2.73,8.6,,,,,,,,,,cond=mS/cm,
RD-00444,4/20/26 0:00,SYS-0015,BMS export,bms,2.98,,,,,,,,,,,cond=mS/cm,
RD-00445,4/20/26 0:00,SYS-0016,BMS export,bms,2.9,8.9,,,,,,,,,,cond=mS/cm,
RD-00446,4/20/26 0:00,SYS-0017,BMS export,bms,3.03,,,,,,,,,,,cond=mS/cm,
RD-00447,2026-04-20 08:20,SYS-0001,Jenn Fowler,field,2934.0,11.0,0.7,795.0,,,,0.49,26.0,,,cond=uS/cm;hard=ppm CaCO3;alk=ppm CaCO3;sulfite=ppm,
RD-00448,2026-04-20 08:40,SYS-0002,Jenn Fowler,field,2774.0,11.1,0.6,605.0,,,,0.18,36.0,,,cond=uS/cm;hard=ppm CaCO3;alk=ppm CaCO3;sulfite=ppm,
RD-00449,2026-04-20 09:45,SYS-0005,Jenn Fowler,field,2617.0,9.6,,,,,,0.14,,1027.0,,cond=uS/cm;nitrite=ppm,
RD-00450,2026-04-20 11:00,SYS-0004,Jenn Fowler,field,1436.0,8.4,415.0,,120.0,0.38,10.3,,,,10^3,cond=uS/cm;hard=ppm CaCO3;cl=ppm;inhib=ppm,
RD-00451,2026-04-20 13:30,SYS-0032,Kyle Bishop,field,1376.0,10.2,0.7,,,,,0.38,32.0,,,cond=uS/cm;hard=ppm CaCO3;alk=ppm CaCO3;sulfite=ppm,
RD-00452,2026-04-20 13:40,SYS-0034,Kyle Bishop,field,1642.0,8.5,491.0,,158.0,0.62,8.9,,,,10^2,cond=uS/cm;hard=ppm CaCO3;cl=ppm;inhib=ppm,
RD-00453,2026-04-20 14:30,SYS-0003,Jenn Fowler,field,1496.0,8.2,382.0,,161.0,0.49,11.7,,,,10^3,cond=uS/cm;hard=ppm CaCO3;cl=ppm;inhib=ppm,
RD-00454,2026-04-20 14:45,SYS-0033,Kyle Bishop,field,1232.0,10.3,0.7,262.0,,,,0.16,48.0,,,cond=uS/cm;hard=ppm CaCO3;alk=ppm CaCO3;sulfite=ppm,
RD-00455,2026-04-20 15:00,SYS-0052,Kyle Bishop,field,2775.0,11.3,0.3,,,,,0.38,36.0,,,cond=uS/cm;hard=ppm CaCO3;alk=ppm CaCO3;sulfite=ppm,
RD-00456,4/21/26 0:00,SYS-0014,BMS export,bms,2.83,8.7,,,,,,,,,,cond=mS/cm,
RD-00457,4/21/26 0:00,SYS-0015,BMS export,bms,2.93,8.9,,,,,,,,,,cond=mS/cm,
RD-00458,4/21/26 0:00,SYS-0016,BMS export,bms,2.95,8.9,,,,,,,,,,cond=mS/cm,
RD-00459,4/21/26 0:00,SYS-0017,BMS export,bms,3.02,8.5,,,,,,,,,,cond=mS/cm,
RD-00460,2026-04-21 08:00,SYS-0008,Marcus Webb,field,3041.0,9.2,,,,,,0.12,,901.0,,cond=uS/cm;nitrite=ppm,
RD-00461,2026-04-21 08:15,SYS-0007,Marcus Webb,field,1629.0,8.7,282.0,,105.0,0.64,10.7,,,,,cond=uS/cm;hard=ppm CaCO3;cl=ppm;inhib=ppm,
RD-00462,2026-04-21 10:10,SYS-0047,Jenn Fowler,field,2977.0,11.2,0.8,702.0,,,,0.2,27.0,,,cond=uS/cm;hard=ppm CaCO3;alk=ppm CaCO3;sulfite=ppm,
RD-00463,2026-04-21 11:00,SYS-0043,Marcus Webb,field,1465.0,8.4,457.0,,174.0,0.66,12.1,,,,10^2,cond=uS/cm;hard=ppm CaCO3;cl=ppm;inhib=ppm,
RD-00464,2026-04-21 14:30,SYS-0006,Marcus Webb,field,2711.0,11.1,0.4,658.0,,,,0.5,26.0,,,cond=uS/cm;hard=ppm CaCO3;alk=ppm CaCO3;sulfite=ppm,
RD-00465,2026-04-21 14:40,SYS-0048,Jenn Fowler,field,1618.0,8.5,410.0,,143.0,0.67,11.1,,,,10^2,cond=uS/cm;hard=ppm CaCO3;cl=ppm;inhib=ppm,
RD-00466,2026-04-21 15:45,SYS-0044,Marcus Webb,field,3059.0,9.3,,,,,311.0,0.27,,,,cond=uS/cm;moly=ppm,
RD-00467,4/22/26 0:00,SYS-0014,BMS export,bms,2.85,,,,,,,,,,,cond=mS/cm,
RD-00468,4/22/26 0:00,SYS-0015,BMS export,bms,2.88,,,,,,,,,,,cond=mS/cm,
RD-00469,4/22/26 0:00,SYS-0016,BMS export,bms,3.01,8.8,,,,,,,,,,cond=mS/cm,
RD-00470,4/22/26 0:00,SYS-0017,BMS export,bms,3.11,,,,,,,,,,,cond=mS/cm,
RD-00471,2026-04-22 08:40,SYS-0050,Tomas Rivera,field,1574.0,8.6,500.0,,181.0,0.66,11.8,,,,10^3,cond=uS/cm;hard=ppm CaCO3;cl=ppm;inhib=ppm,
RD-00472,2026-04-22 09:30,SYS-0029,Tomas Rivera,field,2658.0,9.4,,,,,282.0,0.31,,,,cond=uS/cm;moly=ppm,
RD-00473,2026-04-22 09:30,SYS-0049,Tomas Rivera,field,1607.0,8.5,469.0,,89.0,0.79,13.5,,,,,cond=uS/cm;hard=ppm CaCO3;cl=ppm;inhib=ppm,
RD-00474,2026-04-22 10:40,SYS-0027,Tomas Rivera,field,2727.0,11.3,0.6,,,,,0.18,34.0,,,cond=uS/cm;hard=ppm CaCO3;alk=ppm CaCO3;sulfite=ppm,
RD-00475,2026-04-22 14:10,SYS-0028,Tomas Rivera,field,1506.0,8.9,363.0,,150.0,0.62,11.1,,,,10^2,cond=uS/cm;hard=ppm CaCO3;cl=ppm;inhib=ppm,
RD-00476,4/23/26 0:00,SYS-0014,BMS export,bms,2.81,,,,,,,,,,,cond=mS/cm,
RD-00477,4/23/26 0:00,SYS-0015,BMS export,bms,2.84,,,,,,,,,,,cond=mS/cm,
RD-00478,4/23/26 0:00,SYS-0016,BMS export,bms,2.86,8.5,,,,,,,,,,cond=mS/cm,
RD-00479,4/23/26 0:00,SYS-0017,BMS export,bms,2.74,,,,,,,,,,,cond=mS/cm,
RD-00480,2026-04-23 09:15,SYS-0018,Jenn Fowler,field,2718.0,9.5,,,,,267.0,0.12,,,,cond=uS/cm;moly=ppm,
RD-00481,2026-04-23 09:45,SYS-0017,Jenn Fowler,field,2835.0,8.2,413.0,,304.0,0.65,15.4,,,,,cond=uS/cm;hard=ppm CaCO3;cl=ppm;inhib=ppm,
RD-00482,2026-04-23 10:50,SYS-0014,Jenn Fowler,field,2804.0,8.2,424.0,,260.0,0.49,13.2,,,,10^3,cond=uS/cm;hard=ppm CaCO3;cl=ppm;inhib=ppm,
RD-00483,2026-04-23 12:15,SYS-0015,Jenn Fowler,field,2965.0,8.9,354.0,,205,0.73,13.7,,,,10^2,cond=uS/cm;hard=ppm CaCO3;cl=ppm;inhib=ppm,
RD-00484,2026-04-23 12:45,SYS-0016,Jenn Fowler,field,2852.0,8.1,398.0,,250.0,0.53,17.6,,,,10^2,cond=uS/cm;hard=ppm CaCO3;cl=ppm;inhib=ppm,
RD-00485,4/24/26 0:00,SYS-0014,BMS export,bms,2.89,,,,,,,,,,,cond=mS/cm,
RD-00486,4/24/26 0:00,SYS-0015,BMS export,bms,2.87,9.0,,,,,,,,,,cond=mS/cm,
RD-00487,4/24/26 0:00,SYS-0016,BMS export,bms,2.93,9.0,,,,,,,,,,cond=mS/cm,
RD-00488,4/24/26 0:00,SYS-0017,BMS export,bms,3.02,,,,,,,,,,,cond=mS/cm,
RD-00489,2026-04-24 09:40,SYS-0041,Jenn Fowler,field,2965.0,11.3,0.9,678.0,,,,0.28,27.0,,,cond=uS/cm;hard=ppm CaCO3;alk=ppm CaCO3;sulfite=ppm,
RD-00490,2026-04-24 11:40,SYS-0012,Kyle Bishop,field,1473.0,8.5,350.0,,113.0,0.34,11.7,,,,,cond=uS/cm;hard=ppm CaCO3;cl=ppm;inhib=ppm,
RD-00491,2026-04-24 13:10,SYS-0042,Jenn Fowler,field,1507.0,8.5,361.0,,151.0,0.36,9.4,,,,10^3,cond=uS/cm;hard=ppm CaCO3;cl=ppm;inhib=ppm,
RD-00492,2026-04-24 15:00,SYS-0011,Kyle Bishop,field,2650.0,11.1,0,733.0,,,,0.25,31.0,,,cond=uS/cm;hard=ppm CaCO3;alk=ppm CaCO3;sulfite=ppm,
RD-00493,2026-04-24 15:40,SYS-0013,Kyle Bishop,field,2878.0,9.8,,,,,261.0,0.25,,,,cond=uS/cm;moly=ppm,
RD-00494,4/25/26 0:00,SYS-0014,BMS export,bms,2.97,,,,,,,,,,,cond=mS/cm,
RD-00495,4/25/26 0:00,SYS-0015,BMS export,bms,2.89,8.6,,,,,,,,,,cond=mS/cm,
RD-00496,4/25/26 0:00,SYS-0016,BMS export,bms,2.93,,,,,,,,,,,cond=mS/cm,
RD-00497,4/25/26 0:00,SYS-0017,BMS export,bms,2.9,8.9,,,,,,,,,,cond=mS/cm,
RD-00498,4/26/26 0:00,SYS-0014,BMS export,bms,2.8,,,,,,,,,,,cond=mS/cm,
RD-00499,4/26/26 0:00,SYS-0015,BMS export,bms,2.78,8.5,,,,,,,,,,cond=mS/cm,
RD-00500,4/26/26 0:00,SYS-0016,BMS export,bms,3.06,,,,,,,,,,,cond=mS/cm,
RD-00501,4/26/26 0:00,SYS-0017,BMS export,bms,2.98,,,,,,,,,,,cond=mS/cm,
RD-00502,4/27/26 0:00,SYS-0014,BMS export,bms,2.98,8.6,,,,,,,,,,cond=mS/cm,
RD-00503,4/27/26 0:00,SYS-0015,BMS export,bms,3.06,,,,,,,,,,,cond=mS/cm,
RD-00504,4/27/26 0:00,SYS-0016,BMS export,bms,2.82,,,,,,,,,,,cond=mS/cm,
RD-00505,4/27/26 0:00,SYS-0017,BMS export,bms,2.89,8.7,,,,,,,,,,cond=mS/cm,
RD-00506,2026-04-27 11:00,SYS-0002,Jenn Fowler,field,2663.0,11.0,0.7,,,,,0.23,22.0,,,cond=uS/cm;hard=ppm CaCO3;alk=ppm CaCO3;sulfite=ppm,
RD-00507,2026-04-27 11:40,SYS-0001,Jenn Fowler,field,2983.0,11.2,1.1,,,,,0.57,33.0,,,cond=uS/cm;hard=ppm CaCO3;alk=ppm CaCO3;sulfite=ppm,
RD-00508,2026-04-27 11:50,SYS-0040,Dale Hardy,field,2930.0,11.1,1.0,628.0,,,,0.42,28.0,,,cond=uS/cm;hard=ppm CaCO3;alk=ppm CaCO3;sulfite=ppm,
RD-00509,2026-04-27 12:10,SYS-0003,Jenn Fowler,field,1485.0,8.4,481.0,,148.0,0.49,10.7,,,,10^3,cond=uS/cm;hard=ppm CaCO3;cl=ppm;inhib=ppm,
RD-00510,2026-04-27 13:40,SYS-0004,Jenn Fowler,field,1466.0,8.6,462.0,,204.0,0.59,11.2,,,,10^2,cond=uS/cm;hard=ppm CaCO3;cl=ppm;inhib=ppm,
RD-00511,2026-04-27 14:30,SYS-0005,Jenn Fowler,field,3260.0,9.3,,,,,,0.38,,1067.0,,cond=uS/cm;nitrite=ppm,
RD-00512,4/28/26 0:00,SYS-0014,BMS export,bms,2.9,8.8,,,,,,,,,,cond=mS/cm,
RD-00513,4/28/26 0:00,SYS-0015,BMS export,bms,2.79,,,,,,,,,,,cond=mS/cm,
RD-00514,4/28/26 0:00,SYS-0016,BMS export,bms,2.91,8.9,,,,,,,,,,cond=mS/cm,
RD-00515,4/28/26 0:00,SYS-0017,BMS export,bms,3.01,,,,,,,,,,,cond=mS/cm,
RD-00516,2026-04-28 08:30,SYS-0041,Jenn Fowler,field,3075.0,11.0,0.5,602.0,,,,0.48,31.0,,,cond=uS/cm;hard=ppm CaCO3;alk=ppm CaCO3;sulfite=ppm,
RD-00517,2026-04-28 12:15,SYS-0008,Marcus Webb,field,3263.0,9.8,,,,,,0.21,,1076.0,,cond=uS/cm;nitrite=ppm,
RD-00518,2026-04-28 12:40,SYS-0009,Marcus Webb,field,3049.0,11.2,0.7,752.0,,,,0.38,36.0,,,cond=uS/cm;hard=ppm CaCO3;alk=ppm CaCO3;sulfite=ppm,
RD-00519,2026-04-28 12:45,SYS-0006,Marcus Webb,field,3150.0,11.2,0.1,706.0,,,,0.52,32.0,,,cond=uS/cm;hard=ppm CaCO3;alk=ppm CaCO3;sulfite=ppm,
RD-00520,2026-04-28 13:15,SYS-0007,Marcus Webb,field,1645.0,8.9,430.0,,119.0,0.49,11.0,,,,10^3,cond=uS/cm;hard=ppm CaCO3;cl=ppm;inhib=ppm,
RD-00521,2026-04-28 13:45,SYS-0010,Marcus Webb,field,1615.0,8.7,434.0,,189.0,0.53,12.6,,,,,cond=uS/cm;hard=ppm CaCO3;cl=ppm;inhib=ppm,
RD-00522,4/29/26 0:00,SYS-0014,BMS export,bms,3.03,,,,,,,,,,,cond=mS/cm,
RD-00523,4/29/26 0:00,SYS-0015,BMS export,bms,2.79,8.7,,,,,,,,,,cond=mS/cm,
RD-00524,4/29/26 0:00,SYS-0016,BMS export,bms,3.02,8.5,,,,,,,,,,cond=mS/cm,
RD-00525,4/29/26 0:00,SYS-0017,BMS export,bms,3.01,8.7,,,,,,,,,,cond=mS/cm,
RD-00526,2026-04-29 08:20,SYS-0029,Tomas Rivera,field,2745.0,9.2,,,,,239.0,0.06,,,,cond=uS/cm;moly=ppm,
RD-00527,2026-04-29 08:45,SYS-0037,Tomas Rivera,field,3118.0,11.1,0.1,,,,,0.24,28.0,,,cond=uS/cm;hard=ppm CaCO3;alk=ppm CaCO3;sulfite=ppm,
RD-00528,2026-04-29 09:15,SYS-0019,Marcus Webb,field,2619.0,9.4,,,,,,0.52,,760,,cond=uS/cm;nitrite=ppm,Sample drawn before re-dose.
RD-00529,2026-04-29 12:10,SYS-0036,Tomas Rivera,field,2949.0,11.1,0.6,699.0,,,,0.38,20.0,,,cond=uS/cm;hard=ppm CaCO3;alk=ppm CaCO3;sulfite=ppm,
RD-00530,2026-04-29 12:10,SYS-0038,Tomas Rivera,field,1655.0,8.9,434.0,,118.0,0.4,12.1,,,,10^3,cond=uS/cm;hard=ppm CaCO3;cl=ppm;inhib=ppm,
RD-00531,2026-04-29 13:40,SYS-0020,Marcus Webb,field,1438.0,8.5,351.0,,123.0,0.53,13.1,,,,10^2,cond=uS/cm;hard=ppm CaCO3;cl=ppm;inhib=ppm,
RD-00532,2026-04-29 14:20,SYS-0028,Tomas Rivera,field,1540.0,8.5,532.0,,122.0,0.48,11.8,,,,10^3,cond=uS/cm;hard=ppm CaCO3;cl=ppm;inhib=ppm,
RD-00533,2026-04-29 14:45,SYS-0021,Marcus Webb,field,2527.0,11.1,0.7,633.0,,,,0.3,34.0,,,cond=uS/cm;hard=ppm CaCO3;alk=ppm CaCO3;sulfite=ppm,
RD-00534,2026-04-29 15:15,SYS-0027,Tomas Rivera,field,2952.0,11.0,1.0,549.0,,,,0.39,33.0,,,cond=uS/cm;hard=ppm CaCO3;alk=ppm CaCO3;sulfite=ppm,
RD-00535,2026-04-29 15:20,SYS-0039,Tomas Rivera,field,2085.0,9.4,,,,,,0.38,,1081.0,,cond=uS/cm;nitrite=ppm,
RD-00536,4/30/26 0:00,SYS-0014,BMS export,bms,2.8,8.7,,,,,,,,,,cond=mS/cm,
RD-00537,4/30/26 0:00,SYS-0015,BMS export,bms,2.88,8.7,,,,,,,,,,cond=mS/cm,
RD-00538,4/30/26 0:00,SYS-0016,BMS export,bms,2.96,8.6,,,,,,,,,,cond=mS/cm,
RD-00539,4/30/26 0:00,SYS-0017,BMS export,bms,2.97,8.9,,,,,,,,,,cond=mS/cm,
RD-00540,2026-04-30 08:00,SYS-0016,Jenn Fowler,field,3176.0,8.2,424.0,,261.0,0.78,14.3,,,,10^2,cond=uS/cm;hard=ppm CaCO3;cl=ppm;inhib=ppm,
RD-00541,2026-04-30 10:30,SYS-0014,Jenn Fowler,field,2714.0,8.7,385.0,,237.0,0.54,16.9,,,,,cond=uS/cm;hard=ppm CaCO3;cl=ppm;inhib=ppm,
RD-00542,2026-04-30 11:10,SYS-0018,Jenn Fowler,field,3224.0,10.2,,,,,263.0,0.18,,,,cond=uS/cm;moly=ppm,
RD-00543,2026-04-30 11:40,SYS-0015,Jenn Fowler,field,2877.0,8.7,317.0,,219,0.85,18.0,,,,10^2,cond=uS/cm;hard=ppm CaCO3;cl=ppm;inhib=ppm,
RD-00544,2026-04-30 12:30,SYS-0017,Jenn Fowler,field,3050.0,8.6,429.0,,244.0,0.42,15.1,,,,10^3,cond=uS/cm;hard=ppm CaCO3;cl=ppm;inhib=ppm,
RD-00545,2026-04-30 13:00,SYS-0025,Dale Hardy,field,2746.0,11.0,0.5,,,,,0.32,35.0,,,cond=uS/cm;hard=ppm CaCO3;alk=ppm CaCO3;sulfite=ppm,
RD-00546,2026-04-30 13:10,SYS-0026,Dale Hardy,field,1754.0,8.6,24.4,,166.0,0.57,9.8,,,,10^3,cond=uS/cm;hard=gpg;cl=ppm;inhib=ppm,
RD-00547,5/1/26 0:00,SYS-0014,BMS export,bms,2.77,8.8,,,,,,,,,,cond=mS/cm,
RD-00548,5/1/26 0:00,SYS-0015,BMS export,bms,2.89,8.8,,,,,,,,,,cond=mS/cm,
RD-00549,5/1/26 0:00,SYS-0016,BMS export,bms,2.88,8.6,,,,,,,,,,cond=mS/cm,
RD-00550,5/1/26 0:00,SYS-0017,BMS export,bms,2.85,8.7,,,,,,,,,,cond=mS/cm,
RD-00551,2026-05-01 08:50,SYS-0012,Kyle Bishop,field,1576.0,8.8,385.0,,66.0,0.56,10.7,,,,10^2,cond=uS/cm;hard=ppm CaCO3;cl=ppm;inhib=ppm,
RD-00552,2026-05-01 10:10,SYS-0013,Kyle Bishop,field,3028.0,9.8,,,,,243.0,0.11,,,,cond=uS/cm;moly=ppm,
RD-00553,2026-05-01 11:45,SYS-0042,Jenn Fowler,field,1390.0,8.6,453.0,,190.0,0.38,11.8,,,,10^2,cond=uS/cm;hard=ppm CaCO3;cl=ppm;inhib=ppm,
RD-00554,2026-05-01 14:10,SYS-0041,Jenn Fowler,field,2951.0,11.3,0.1,637.0,,,,0.3,37.0,,,cond=uS/cm;hard=ppm CaCO3;alk=ppm CaCO3;sulfite=ppm,
RD-00555,2026-05-01 15:15,SYS-0011,Kyle Bishop,field,2803.0,11.2,0.3,,,,,0.39,37.0,,,cond=uS/cm;hard=ppm CaCO3;alk=ppm CaCO3;sulfite=ppm,
RD-00556,5/2/26 0:00,SYS-0014,BMS export,bms,2.93,8.8,,,,,,,,,,cond=mS/cm,
RD-00557,5/2/26 0:00,SYS-0015,BMS export,bms,2.93,,,,,,,,,,,cond=mS/cm,
RD-00558,5/2/26 0:00,SYS-0016,BMS export,bms,3.1,,,,,,,,,,,cond=mS/cm,
RD-00559,5/2/26 0:00,SYS-0017,BMS export,bms,2.9,8.9,,,,,,,,,,cond=mS/cm,
RD-00560,5/3/26 0:00,SYS-0014,BMS export,bms,2.8,,,,,,,,,,,cond=mS/cm,
RD-00561,5/3/26 0:00,SYS-0015,BMS export,bms,3.06,,,,,,,,,,,cond=mS/cm,
RD-00562,5/3/26 0:00,SYS-0016,BMS export,bms,2.95,,,,,,,,,,,cond=mS/cm,
RD-00563,5/3/26 0:00,SYS-0017,BMS export,bms,2.97,,,,,,,,,,,cond=mS/cm,
RD-00564,5/4/26 0:00,SYS-0014,BMS export,bms,2.85,8.6,,,,,,,,,,cond=mS/cm,
RD-00565,5/4/26 0:00,SYS-0015,BMS export,bms,2.79,,,,,,,,,,,cond=mS/cm,
RD-00566,5/4/26 0:00,SYS-0016,BMS export,bms,2.82,8.6,,,,,,,,,,cond=mS/cm,
RD-00567,5/4/26 0:00,SYS-0017,BMS export,bms,3.08,,,,,,,,,,,cond=mS/cm,
RD-00568,2026-05-04 08:15,SYS-0022,Dale Hardy,field,2698.0,11.1,0.5,509.0,,,,0.39,22,,,cond=uS/cm;hard=ppm CaCO3;alk=ppm CaCO3;sulfite=ppm,
RD-00569,2026-05-04 08:30,SYS-0001,Jenn Fowler,field,3454.0,10.9,1.2,550.0,,,,0.24,26.0,,,cond=uS/cm;hard=ppm CaCO3;alk=ppm CaCO3;sulfite=ppm,
RD-00570,2026-05-04 10:10,SYS-0005,Jenn Fowler,field,2454.0,9.6,,,,,,0.21,,1080.0,,cond=uS/cm;nitrite=ppm,
RD-00571,2026-05-04 10:50,SYS-0034,Kyle Bishop,field,1306.0,8.8,387.0,,151.0,0.82,12.4,,,,10^2,cond=uS/cm;hard=ppm CaCO3;cl=ppm;inhib=ppm,
RD-00572,2026-05-04 12:45,SYS-0032,Kyle Bishop,field,1486.0,10.3,0.5,,,,,0.37,43.0,,,cond=uS/cm;hard=ppm CaCO3;alk=ppm CaCO3;sulfite=ppm,
RD-00573,2026-05-04 13:00,SYS-0003,Jenn Fowler,field,1353.0,8.6,398.0,,121.0,0.45,13.1,,,,10^3,cond=uS/cm;hard=ppm CaCO3;cl=ppm;inhib=ppm,
RD-00574,2026-05-04 13:40,SYS-0002,Jenn Fowler,field,2863.0,11.3,0.9,706.0,,,,0.44,26.0,,,cond=uS/cm;hard=ppm CaCO3;alk=ppm CaCO3;sulfite=ppm,
RD-00575,2026-05-04 15:30,SYS-0004,Jenn Fowler,field,1678.0,8.9,470.0,,168.0,0.15,12.6,,,,10^3,cond=uS/cm;hard=ppm CaCO3;cl=ppm;inhib=ppm,
RD-00576,2026-05-04 15:40,SYS-0033,Kyle Bishop,field,1500,10.0,0.3,276.0,,,,0.25,44.0,,,cond=uS/cm;hard=ppm CaCO3;alk=ppm CaCO3;sulfite=ppm,
RD-00577,5/5/26 0:00,SYS-0014,BMS export,bms,2.84,,,,,,,,,,,cond=mS/cm,
RD-00578,5/5/26 0:00,SYS-0015,BMS export,bms,2.9,8.6,,,,,,,,,,cond=mS/cm,
RD-00579,5/5/26 0:00,SYS-0016,BMS export,bms,2.96,,,,,,,,,,,cond=mS/cm,
RD-00580,5/5/26 0:00,SYS-0017,BMS export,bms,2.82,,,,,,,,,,,cond=mS/cm,
RD-00581,2026-05-05 10:50,SYS-0006,Marcus Webb,field,2868.0,11.2,0.6,,,,,0.53,31.0,,,cond=uS/cm;hard=ppm CaCO3;alk=ppm CaCO3;sulfite=ppm,
RD-00582,2026-05-05 11:20,SYS-0007,Marcus Webb,field,1442.0,8.5,367.0,,184.0,0.85,10.5,,,,10^3,cond=uS/cm;hard=ppm CaCO3;cl=ppm;inhib=ppm,
RD-00583,2026-05-05 11:20,SYS-0044,Marcus Webb,field,2939.0,9.3,,,,,239.0,0.12,,,,cond=uS/cm;moly=ppm,
RD-00584,2026-05-05 12:30,SYS-0043,Marcus Webb,field,1800.0,8.3,384.0,,244.0,0.44,9.9,,,,10^2,cond=uS/cm;hard=ppm CaCO3;cl=ppm;inhib=ppm,
RD-00585,2026-05-05 14:45,SYS-0008,Marcus Webb,field,2525.0,9.7,,,,,,0.12,,990.0,,cond=uS/cm;nitrite=ppm,
RD-00586,5/6/26 0:00,SYS-0014,BMS export,bms,2.75,8.8,,,,,,,,,,cond=mS/cm,
RD-00587,5/6/26 0:00,SYS-0015,BMS export,bms,2.88,,,,,,,,,,,cond=mS/cm,
RD-00588,5/6/26 0:00,SYS-0016,BMS export,bms,2.72,8.4,,,,,,,,,,cond=mS/cm,
RD-00589,5/6/26 0:00,SYS-0017,BMS export,bms,2.99,,,,,,,,,,,cond=mS/cm,
RD-00590,2026-05-06 08:45,SYS-0029,Tomas Rivera,field,2919.0,9.5,,,,,267.0,0.08,,,,cond=uS/cm;moly=ppm,
RD-00591,2026-05-06 09:30,SYS-0054,Kyle Bishop,field,2490.0,9.4,,,,,,0.34,,976.0,,cond=uS/cm;nitrite=ppm,
RD-00592,2026-05-06 10:10,SYS-0053,Kyle Bishop,field,3031.0,10.9,0.5,758.0,,,,0.2,21.0,,,cond=uS/cm;hard=ppm CaCO3;alk=ppm CaCO3;sulfite=ppm,
RD-00593,2026-05-06 10:30,SYS-0027,Tomas Rivera,field,2711.0,11.0,0.7,604.0,,,,0.32,37.0,,,cond=uS/cm;hard=ppm CaCO3;alk=ppm CaCO3;sulfite=ppm,
RD-00594,2026-05-06 14:20,SYS-0028,Tomas Rivera,field,1689.0,8.9,396.0,,134.0,0.55,11.3,,,,10^2,cond=uS/cm;hard=ppm CaCO3;cl=ppm;inhib=ppm,
RD-00595,5/7/26 0:00,SYS-0014,BMS export,bms,3.07,8.6,,,,,,,,,,cond=mS/cm,
RD-00596,5/7/26 0:00,SYS-0015,BMS export,bms,2.85,8.5,,,,,,,,,,cond=mS/cm,
RD-00597,5/7/26 0:00,SYS-0016,BMS export,bms,2.8,8.9,,,,,,,,,,cond=mS/cm,
RD-00598,5/7/26 0:00,SYS-0017,BMS export,bms,3.01,,,,,,,,,,,cond=mS/cm,
RD-00599,2026-05-07 08:00,SYS-0018,Jenn Fowler,field,2629.0,9.4,,,,,250.0,0.16,,,,cond=uS/cm;moly=ppm,
RD-00600,2026-05-07 08:10,SYS-0014,Jenn Fowler,field,2944.0,8.7,508.0,,206.0,0.64,16.1,,,,10^3,cond=uS/cm;hard=ppm CaCO3;cl=ppm;inhib=ppm,
RD-00601,2026-05-07 09:00,SYS-0016,Jenn Fowler,field,2857.0,8.7,384.0,,203.0,0.58,16.5,,,,,cond=uS/cm;hard=ppm CaCO3;cl=ppm;inhib=ppm,
RD-00602,2026-05-07 09:15,SYS-0015,Jenn Fowler,field,2885.0,8.7,446.0,,211,0.57,15.9,,,,,cond=uS/cm;hard=ppm CaCO3;cl=ppm;inhib=ppm,
RD-00603,2026-05-07 10:20,SYS-0035,Dale Hardy,field,2458.0,11.1,0.4,689.0,,,,0.29,31.0,,,cond=uS/cm;hard=ppm CaCO3;alk=ppm CaCO3;sulfite=ppm,
RD-00604,2026-05-07 14:45,SYS-0017,Jenn Fowler,field,2733.0,8.3,396.0,,275.0,0.52,12.1,,,,,cond=uS/cm;hard=ppm CaCO3;cl=ppm;inhib=ppm,
RD-00605,5/8/26 0:00,SYS-0014,BMS export,bms,2.91,8.7,,,,,,,,,,cond=mS/cm,
RD-00606,5/8/26 0:00,SYS-0015,BMS export,bms,3.06,8.7,,,,,,,,,,cond=mS/cm,
RD-00607,5/8/26 0:00,SYS-0016,BMS export,bms,2.81,8.7,,,,,,,,,,cond=mS/cm,
RD-00608,5/8/26 0:00,SYS-0017,BMS export,bms,2.91,,,,,,,,,,,cond=mS/cm,
RD-00609,2026-05-08 09:40,SYS-0041,Jenn Fowler,field,2822.0,11.3,0.2,761.0,,,,0.22,24.0,,,cond=uS/cm;hard=ppm CaCO3;alk=ppm CaCO3;sulfite=ppm,
RD-00610,2026-05-08 10:20,SYS-0012,Kyle Bishop,field,1696.0,8.4,480.0,,233.0,0.65,10.9,,,,10^2,cond=uS/cm;hard=ppm CaCO3;cl=ppm;inhib=ppm,
RD-00611,2026-05-08 12:10,SYS-0042,Jenn Fowler,field,1432.0,8.8,447.0,,174.0,0.5,11.5,,,,10^3,cond=uS/cm;hard=ppm CaCO3;cl=ppm;inhib=ppm,
RD-00612,2026-05-08 12:15,SYS-0011,Kyle Bishop,field,2885.0,11.0,0,667.0,,,,0.44,33.0,,,cond=uS/cm;hard=ppm CaCO3;alk=ppm CaCO3;sulfite=ppm,
RD-00613,2026-05-08 15:00,SYS-0013,Kyle Bishop,field,2056.0,8.9,,,,,233.0,0.28,,,,cond=uS/cm;moly=ppm,
RD-00614,5/9/26 0:00,SYS-0014,BMS export,bms,2.89,8.9,,,,,,,,,,cond=mS/cm,
RD-00615,5/9/26 0:00,SYS-0015,BMS export,bms,2.76,9.1,,,,,,,,,,cond=mS/cm,
RD-00616,5/9/26 0:00,SYS-0016,BMS export,bms,2.78,8.7,,,,,,,,,,cond=mS/cm,
RD-00617,5/9/26 0:00,SYS-0017,BMS export,bms,3.04,8.7,,,,,,,,,,cond=mS/cm,
RD-00618,5/10/26 0:00,SYS-0014,BMS export,bms,2.78,,,,,,,,,,,cond=mS/cm,
RD-00619,5/10/26 0:00,SYS-0015,BMS export,bms,2.9,,,,,,,,,,,cond=mS/cm,
RD-00620,5/10/26 0:00,SYS-0016,BMS export,bms,2.95,8.8,,,,,,,,,,cond=mS/cm,
RD-00621,5/10/26 0:00,SYS-0017,BMS export,bms,3.23,,,,,,,,,,,cond=mS/cm,
RD-00622,5/11/26 0:00,SYS-0014,BMS export,bms,2.98,,,,,,,,,,,cond=mS/cm,
RD-00623,5/11/26 0:00,SYS-0015,BMS export,bms,2.77,8.9,,,,,,,,,,cond=mS/cm,
RD-00624,5/11/26 0:00,SYS-0016,BMS export,bms,3.07,8.5,,,,,,,,,,cond=mS/cm,
RD-00625,5/11/26 0:00,SYS-0017,BMS export,bms,2.95,8.7,,,,,,,,,,cond=mS/cm,
RD-00626,2026-05-11 08:00,SYS-0004,Jenn Fowler,field,1361.0,8.6,464.0,,210.0,0.09,9.4,,,,10^3,cond=uS/cm;hard=ppm CaCO3;cl=ppm;inhib=ppm,
RD-00627,2026-05-11 08:40,SYS-0040,Dale Hardy,field,2822.0,11.3,0.8,,,,,0.48,25.0,,,cond=uS/cm;hard=ppm CaCO3;alk=ppm CaCO3;sulfite=ppm,
RD-00628,2026-05-11 10:00,SYS-0002,Jenn Fowler,field,2813.0,11.3,0.9,596.0,,,,0.24,33.0,,,cond=uS/cm;hard=ppm CaCO3;alk=ppm CaCO3;sulfite=ppm,
RD-00629,2026-05-11 10:00,SYS-0024,Jenn Fowler,field,2506.0,9.8,,,,,,0.26,,1170.0,,cond=uS/cm;nitrite=ppm,
RD-00630,2026-05-11 10:15,SYS-0003,Jenn Fowler,field,1457.0,8.6,462.0,,157.0,0.69,10.3,,,,10^3,cond=uS/cm;hard=ppm CaCO3;cl=ppm;inhib=ppm,
RD-00631,2026-05-11 13:10,SYS-0005,Jenn Fowler,field,2772.0,9.1,,,,,,0.28,,940.0,,cond=uS/cm;nitrite=ppm,
RD-00632,2026-05-11 13:30,SYS-0001,Jenn Fowler,field,2449.0,11.0,0.9,682.0,,,,0.36,34.0,,,cond=uS/cm;hard=ppm CaCO3;alk=ppm CaCO3;sulfite=ppm,
RD-00633,2026-05-11 14:40,SYS-0023,Jenn Fowler,field,2646.0,11.1,0.3,630.0,,,,0.48,27.0,,,cond=uS/cm;hard=ppm CaCO3;alk=ppm CaCO3;sulfite=ppm,
RD-00634,5/12/26 0:00,SYS-0014,BMS export,bms,2.82,8.4,,,,,,,,,,cond=mS/cm,
RD-00635,5/12/26 0:00,SYS-0015,BMS export,bms,2.82,8.7,,,,,,,,,,cond=mS/cm,
RD-00636,5/12/26 0:00,SYS-0016,BMS export,bms,2.77,8.8,,,,,,,,,,cond=mS/cm,
RD-00637,5/12/26 0:00,SYS-0017,BMS export,bms,3.0,,,,,,,,,,,cond=mS/cm,
RD-00638,2026-05-12 08:30,SYS-0007,Marcus Webb,field,1609.0,8.3,586.0,,227.0,0.52,12.5,,,,10^2,cond=uS/cm;hard=ppm CaCO3;cl=ppm;inhib=ppm,
RD-00639,2026-05-12 09:15,SYS-0009,Marcus Webb,field,3153.0,11.2,0.9,627.0,,,,0.4,33.0,,,cond=uS/cm;hard=ppm CaCO3;alk=ppm CaCO3;sulfite=ppm,
RD-00640,2026-05-12 09:20,SYS-0010,Marcus Webb,field,1413.0,8.6,352.0,,169.0,0.41,12.1,,,,10^2,cond=uS/cm;hard=ppm CaCO3;cl=ppm;inhib=ppm,
RD-00641,2026-05-12 09:40,SYS-0051,Dale Hardy,field,2766.0,11.3,0.6,,,,,0.52,21.0,,,cond=uS/cm;hard=ppm CaCO3;alk=ppm CaCO3;sulfite=ppm,
RD-00642,2026-05-12 10:00,BONF-CLF-B1,Central Analytical,lab,3.13,11.15,0.2,638,197,,,0.46,,,,cond=mS/cm;hard=ppm CaCO3;alk=ppm CaCO3;cl=ppm,Certified lab analysis.
RD-00643,2026-05-12 10:00,BONF-OGD-B2,Central Analytical,lab,3.21,10.84,0.1,591,159,,,0.14,,,,cond=mS/cm;hard=ppm CaCO3;alk=ppm CaCO3;cl=ppm,Certified lab analysis.
RD-00644,2026-05-12 10:00,CLPK-B1,Central Analytical,lab,2.68,10.82,0.9,520,247,,,0.58,,,,cond=mS/cm;hard=ppm CaCO3;alk=ppm CaCO3;cl=ppm,Certified lab analysis.
RD-00645,2026-05-12 10:00,MRMC-B1,Central Analytical,lab,2.72,10.89,0.7,522,147,,,0.35,,,,cond=mS/cm;hard=ppm CaCO3;alk=ppm CaCO3;cl=ppm,Certified lab analysis.
RD-00646,2026-05-12 10:00,SALT-HP1,Central Analytical,lab,1.23,10.43,0.8,425,246,,,0.28,,,,cond=mS/cm;hard=ppm CaCO3;alk=ppm CaCO3;cl=ppm,Certified lab analysis.
RD-00647,2026-05-12 10:00,SALT-HP2,Central Analytical,lab,1.54,10.54,0.4,239,290,,,0.29,,,,cond=mS/cm;hard=ppm CaCO3;alk=ppm CaCO3;cl=ppm,Certified lab analysis.
RD-00648,2026-05-12 10:10,SYS-0008,Marcus Webb,field,3006.0,9.3,,,,,,0.05,,941.0,,cond=uS/cm;nitrite=ppm,
RD-00649,2026-05-12 11:15,SYS-0006,Marcus Webb,field,2841.0,11.2,0.7,624.0,,,,0.64,36.0,,,cond=uS/cm;hard=ppm CaCO3;alk=ppm CaCO3;sulfite=ppm,
RD-00650,5/13/26 0:00,SYS-0014,BMS export,bms,2.94,8.9,,,,,,,,,,cond=mS/cm,
RD-00651,5/13/26 0:00,SYS-0015,BMS export,bms,2.77,8.6,,,,,,,,,,cond=mS/cm,
RD-00652,5/13/26 0:00,SYS-0016,BMS export,bms,2.83,8.8,,,,,,,,,,cond=mS/cm,
RD-00653,5/13/26 0:00,SYS-0017,BMS export,bms,3.03,,,,,,,,,,,cond=mS/cm,
RD-00654,2026-05-13 09:15,SYS-0036,Tomas Rivera,field,3274.0,11.1,0.6,713.0,,,,0.21,27.0,,,cond=uS/cm;hard=ppm CaCO3;alk=ppm CaCO3;sulfite=ppm,
RD-00655,2026-05-13 09:30,SYS-0039,Tomas Rivera,field,2883.0,9.5,,,,,,0.1,,960.0,,cond=uS/cm;nitrite=ppm,
RD-00656,2026-05-13 09:40,SYS-0029,Tomas Rivera,field,2394.0,6.4,,,,,218.0,0.31,,,,cond=uS/cm;moly=ppm,"Suspect sample port, see re-draw."
RD-00657,2026-05-13 10:05,SYS-0029,Tomas Rivera,field,2394.0,8.9,,,,,218.0,0.31,,,,cond=uS/cm;moly=ppm,Re-draw after flushing correct port.
RD-00658,2026-05-13 10:45,SYS-0037,Tomas Rivera,field,2847.0,11.0,0.8,676.0,,,,0.15,28.0,,,cond=uS/cm;hard=ppm CaCO3;alk=ppm CaCO3;sulfite=ppm,
RD-00659,2026-05-13 11:10,SYS-0038,Tomas Rivera,field,1330.0,8.3,411.0,,238.0,0.33,10.7,,,,10^2,cond=uS/cm;hard=ppm CaCO3;cl=ppm;inhib=ppm,
RD-00660,2026-05-13 11:40,SYS-0027,Tomas Rivera,field,2767.0,11.0,0.8,725.0,,,,0.42,33.0,,,cond=uS/cm;hard=ppm CaCO3;alk=ppm CaCO3;sulfite=ppm,
RD-00661,2026-05-13 12:50,SYS-0021,Marcus Webb,field,2875.0,11.0,0.1,695.0,,,,0.28,39.0,,,cond=uS/cm;hard=ppm CaCO3;alk=ppm CaCO3;sulfite=ppm,
RD-00662,2026-05-13 14:30,SYS-0028,Tomas Rivera,field,1548.0,8.8,445.0,,192.0,0.78,9.5,,,,10^3,cond=uS/cm;hard=ppm CaCO3;cl=ppm;inhib=ppm,
RD-00663,2026-05-13 15:00,SYS-0019,Marcus Webb,field,3038.0,9.6,,,,,,0.8,,720,,cond=uS/cm;nitrite=ppm,Sample drawn before re-dose.
RD-00664,2026-05-13 15:15,SYS-0020,Marcus Webb,field,1729.0,8.6,468.0,,152.0,0.44,11.7,,,,10^2,cond=uS/cm;hard=ppm CaCO3;cl=ppm;inhib=ppm,
RD-00665,5/14/26 0:00,SYS-0014,BMS export,bms,2.78,8.8,,,,,,,,,,cond=mS/cm,
RD-00666,5/14/26 0:00,SYS-0015,BMS export,bms,3.0,8.7,,,,,,,,,,cond=mS/cm,
RD-00667,5/14/26 0:00,SYS-0016,BMS export,bms,3.03,,,,,,,,,,,cond=mS/cm,
RD-00668,5/14/26 0:00,SYS-0017,BMS export,bms,3.09,8.8,,,,,,,,,,cond=mS/cm,
RD-00669,2026-05-14 08:45,SYS-0015,Jenn Fowler,field,2963.0,8.7,434.0,,223,0.27,12.0,,,,10^2,cond=uS/cm;hard=ppm CaCO3;cl=ppm;inhib=ppm,
RD-00670,2026-05-14 09:45,SYS-0014,Jenn Fowler,field,2863.0,8.7,461.0,,243.0,0.38,16.2,,,,,cond=uS/cm;hard=ppm CaCO3;cl=ppm;inhib=ppm,
RD-00671,2026-05-14 10:15,SYS-0025,Dale Hardy,field,2916.0,11.1,0.6,630.0,,,,0.09,29.0,,,cond=uS/cm;hard=ppm CaCO3;alk=ppm CaCO3;sulfite=ppm,
RD-00672,2026-05-14 10:20,SYS-0018,Jenn Fowler,field,3006.0,9.2,,,,,239.0,0.19,,,,cond=uS/cm;moly=ppm,
RD-00673,2026-05-14 10:45,SYS-0031,Dale Hardy,field,1593.0,8.9,22.5,,141.0,0.72,9.5,,,,10^3,cond=uS/cm;hard=gpg;cl=ppm;inhib=ppm,
RD-00674,2026-05-14 13:00,SYS-0026,Dale Hardy,field,1703.0,8.4,29.4,,151.0,0.6,10.4,,,,,cond=uS/cm;hard=gpg;cl=ppm;inhib=ppm,
RD-00675,2026-05-14 13:40,SYS-0016,Jenn Fowler,field,2951.0,8.9,366.0,,265.0,0.61,14.1,,,,,cond=uS/cm;hard=ppm CaCO3;cl=ppm;inhib=ppm,
RD-00676,2026-05-14 14:30,SYS-0030,Dale Hardy,field,3029.0,9.6,,,,,,0.26,,920.0,,cond=uS/cm;nitrite=ppm,
RD-00677,2026-05-14 15:00,SYS-0017,Jenn Fowler,field,3105.0,8.7,512.0,,285.0,0.49,13.7,,,,,cond=uS/cm;hard=ppm CaCO3;cl=ppm;inhib=ppm,
RD-00678,5/15/26 0:00,SYS-0014,BMS export,bms,2.6,,,,,,,,,,,cond=mS/cm,
RD-00679,5/15/26 0:00,SYS-0015,BMS export,bms,3.05,,,,,,,,,,,cond=mS/cm,
RD-00680,5/15/26 0:00,SYS-0016,BMS export,bms,3.01,8.7,,,,,,,,,,cond=mS/cm,
RD-00681,5/15/26 0:00,SYS-0017,BMS export,bms,2.93,,,,,,,,,,,cond=mS/cm,
RD-00682,2026-05-15 08:20,SYS-0011,Kyle Bishop,field,2418.0,11.5,0.3,,,,,0.34,25.0,,,cond=uS/cm;hard=ppm CaCO3;alk=ppm CaCO3;sulfite=ppm,
RD-00683,2026-05-15 11:00,SYS-0012,Kyle Bishop,field,1674.0,8.9,408.0,,130.0,0.59,11.1,,,,,cond=uS/cm;hard=ppm CaCO3;cl=ppm;inhib=ppm,
RD-00684,2026-05-15 11:20,SYS-0041,Jenn Fowler,field,3027.0,10.9,1.0,590.0,,,,0.26,22.0,,,cond=uS/cm;hard=ppm CaCO3;alk=ppm CaCO3;sulfite=ppm,
RD-00685,2026-05-15 12:40,SYS-0013,Kyle Bishop,field,2781.0,9.8,,,,,243.0,0.29,,,,cond=uS/cm;moly=ppm,
RD-00686,2026-05-15 13:30,SYS-0042,Jenn Fowler,field,1627.0,8.7,470.0,,190.0,0.56,9.1,,,,,cond=uS/cm;hard=ppm CaCO3;cl=ppm;inhib=ppm,
RD-00687,5/16/26 0:00,SYS-0014,BMS export,bms,2.89,8.6,,,,,,,,,,cond=mS/cm,
RD-00688,5/16/26 0:00,SYS-0015,BMS export,bms,3.01,,,,,,,,,,,cond=mS/cm,
RD-00689,5/16/26 0:00,SYS-0016,BMS export,bms,2.86,,,,,,,,,,,cond=mS/cm,
RD-00690,5/16/26 0:00,SYS-0017,BMS export,bms,3.1,,,,,,,,,,,cond=mS/cm,
RD-00691,5/17/26 0:00,SYS-0014,BMS export,bms,2.87,8.6,,,,,,,,,,cond=mS/cm,
RD-00692,5/17/26 0:00,SYS-0015,BMS export,bms,2.78,,,,,,,,,,,cond=mS/cm,
RD-00693,5/17/26 0:00,SYS-0016,BMS export,bms,3.06,8.8,,,,,,,,,,cond=mS/cm,
RD-00694,5/17/26 0:00,SYS-0017,BMS export,bms,2.83,8.8,,,,,,,,,,cond=mS/cm,
RD-00695,5/18/26 0:00,SYS-0014,BMS export,bms,2.86,8.9,,,,,,,,,,cond=mS/cm,
RD-00696,5/18/26 0:00,SYS-0015,BMS export,bms,2.91,8.8,,,,,,,,,,cond=mS/cm,
RD-00697,5/18/26 0:00,SYS-0016,BMS export,bms,2.84,8.6,,,,,,,,,,cond=mS/cm,
RD-00698,5/18/26 0:00,SYS-0017,BMS export,bms,2.85,8.7,,,,,,,,,,cond=mS/cm,
RD-00699,2026-05-18 09:30,SYS-0004,Jenn Fowler,field,1489.0,8.4,338.0,,213.0,0.1,10.1,,,,10^3,cond=uS/cm;hard=ppm CaCO3;cl=ppm;inhib=ppm,
RD-00700,2026-05-18 09:40,SYS-0003,Jenn Fowler,field,1501.0,8.7,464.0,,191.0,0.63,10.3,,,,10^2,cond=uS/cm;hard=ppm CaCO3;cl=ppm;inhib=ppm,
RD-00701,2026-05-18 10:15,SYS-0034,Kyle Bishop,field,1396.0,8.7,327.0,,262.0,0.59,10.4,,,,,cond=uS/cm;hard=ppm CaCO3;cl=ppm;inhib=ppm,
RD-00702,2026-05-18 11:00,SYS-0005,Jenn Fowler,field,3004.0,9.2,,,,,,0.09,,983.0,,cond=uS/cm;nitrite=ppm,
RD-00703,2026-05-18 11:10,SYS-0052,Kyle Bishop,field,3176.0,11.2,1.2,,,,,0.05,25.0,,,cond=uS/cm;hard=ppm CaCO3;alk=ppm CaCO3;sulfite=ppm,
RD-00704,2026-05-18 11:40,SYS-0002,Jenn Fowler,field,3285.0,10.9,0.6,,,,,0.4,25.0,,,cond=uS/cm;hard=ppm CaCO3;alk=ppm CaCO3;sulfite=ppm,
RD-00705,2026-05-18 11:40,SYS-0033,Kyle Bishop,field,1230.0,10.2,0.9,273.0,,,,0.17,51.0,,,cond=uS/cm;hard=ppm CaCO3;alk=ppm CaCO3;sulfite=ppm,
RD-00706,2026-05-18 12:10,SYS-0032,Kyle Bishop,field,1348.0,10.3,0.9,314.0,,,,0.27,46.0,,,cond=uS/cm;hard=ppm CaCO3;alk=ppm CaCO3;sulfite=ppm,
RD-00707,2026-05-18 14:00,SYS-0001,Jenn Fowler,field,3403.0,11.2,0.5,,,,,0.39,32.0,,,cond=uS/cm;hard=ppm CaCO3;alk=ppm CaCO3;sulfite=ppm,
RD-00708,5/19/26 0:00,SYS-0014,BMS export,bms,2.82,,,,,,,,,,,cond=mS/cm,
RD-00709,5/19/26 0:00,SYS-0015,BMS export,bms,2.79,,,,,,,,,,,cond=mS/cm,
RD-00710,5/19/26 0:00,SYS-0016,BMS export,bms,2.91,8.7,,,,,,,,,,cond=mS/cm,
RD-00711,5/19/26 0:00,SYS-0017,BMS export,bms,2.98,,,,,,,,,,,cond=mS/cm,
RD-00712,2026-05-19 08:45,SYS-0006,Marcus Webb,field,2628.0,11.2,0.9,712.0,,,,0.72,27.0,,,cond=uS/cm;hard=ppm CaCO3;alk=ppm CaCO3;sulfite=ppm,
RD-00713,2026-05-19 08:50,SYS-0043,Marcus Webb,field,1372.0,8.4,373.0,,151.0,0.84,12.4,,,,,cond=uS/cm;hard=ppm CaCO3;cl=ppm;inhib=ppm,
RD-00714,2026-05-19 09:40,SYS-0007,Marcus Webb,field,1715.0,8.8,383.0,,154.0,0.2,11.0,,,,,cond=uS/cm;hard=ppm CaCO3;cl=ppm;inhib=ppm,
RD-00715,2026-05-19 10:00,SYS-0047,Jenn Fowler,field,2425.0,11.1,0.7,565.0,,,,0.29,41.0,,,cond=uS/cm;hard=ppm CaCO3;alk=ppm CaCO3;sulfite=ppm,
RD-00716,2026-05-19 10:30,SYS-0044,Marcus Webb,field,2458.0,9.8,,,,,292.0,0.21,,,,cond=uS/cm;moly=ppm,
RD-00717,2026-05-19 13:00,SYS-0048,Jenn Fowler,field,1534.0,8.6,413.0,,185.0,0.72,12.1,,,,10^2,cond=uS/cm;hard=ppm CaCO3;cl=ppm;inhib=ppm,
RD-00718,2026-05-19 15:20,SYS-0008,Marcus Webb,field,2752.0,9.1,,,,,,0.17,,1060.0,,cond=uS/cm;nitrite=ppm,
RD-00719,5/20/26 0:00,SYS-0014,BMS export,bms,2.78,8.8,,,,,,,,,,cond=mS/cm,
RD-00720,5/20/26 0:00,SYS-0015,BMS export,bms,2.82,9.0,,,,,,,,,,cond=mS/cm,
RD-00721,5/20/26 0:00,SYS-0016,BMS export,bms,2.96,8.5,,,,,,,,,,cond=mS/cm,
RD-00722,5/20/26 0:00,SYS-0017,BMS export,bms,2.84,9.0,,,,,,,,,,cond=mS/cm,
RD-00723,2026-05-20 09:00,SYS-0028,Tomas Rivera,field,1593.0,8.0,422.0,,108.0,0.31,11.5,,,,10^2,cond=uS/cm;hard=ppm CaCO3;cl=ppm;inhib=ppm,
RD-00724,2026-05-20 12:15,SYS-0027,Tomas Rivera,field,3016.0,11.0,0.6,561.0,,,,0.32,20.0,,,cond=uS/cm;hard=ppm CaCO3;alk=ppm CaCO3;sulfite=ppm,
RD-00725,2026-05-20 14:10,SYS-0029,Tomas Rivera,field,2678.0,9.8,,,,,233.0,0.22,,,,cond=uS/cm;moly=ppm,
RD-00726,5/21/26 0:00,SYS-0014,BMS export,bms,2.89,,,,,,,,,,,cond=mS/cm,
RD-00727,5/21/26 0:00,SYS-0015,BMS export,bms,2.75,8.7,,,,,,,,,,cond=mS/cm,
RD-00728,5/21/26 0:00,SYS-0016,BMS export,bms,3.06,8.6,,,,,,,,,,cond=mS/cm,
RD-00729,5/21/26 0:00,SYS-0017,BMS export,bms,2.95,8.8,,,,,,,,,,cond=mS/cm,
RD-00730,2026-05-21 08:50,SYS-0015,Jenn Fowler,field,2976.0,8.7,276.0,,231,0.71,13.9,,,,10^3,cond=uS/cm;hard=ppm CaCO3;cl=ppm;inhib=ppm,
RD-00731,2026-05-21 10:40,SYS-0016,Jenn Fowler,field,2833.0,8.6,499.0,,228.0,0.82,14.8,,,,10^3,cond=uS/cm;hard=ppm CaCO3;cl=ppm;inhib=ppm,
RD-00732,2026-05-21 12:20,SYS-0046,Dale Hardy,field,2701.0,11.0,0,,,,,0.24,20.0,,,cond=uS/cm;hard=ppm CaCO3;alk=ppm CaCO3;sulfite=ppm,
RD-00733,2026-05-21 12:50,SYS-0014,Jenn Fowler,field,2832.0,8.2,339.0,,186.0,0.45,15.5,,,,10^2,cond=uS/cm;hard=ppm CaCO3;cl=ppm;inhib=ppm,
RD-00734,2026-05-21 13:45,SYS-0017,Jenn Fowler,field,2978.0,8.7,390.0,,221.0,0.73,15.8,,,,,cond=uS/cm;hard=ppm CaCO3;cl=ppm;inhib=ppm,
RD-00735,2026-05-21 14:10,SYS-0018,Jenn Fowler,field,2788.0,9.3,,,,,277.0,0.11,,,,cond=uS/cm;moly=ppm,
RD-00736,5/22/26 0:00,SYS-0014,BMS export,bms,2.86,8.4,,,,,,,,,,cond=mS/cm,
RD-00737,5/22/26 0:00,SYS-0015,BMS export,bms,2.93,8.7,,,,,,,,,,cond=mS/cm,
RD-00738,5/22/26 0:00,SYS-0016,BMS export,bms,2.91,8.9,,,,,,,,,,cond=mS/cm,
RD-00739,5/22/26 0:00,SYS-0017,BMS export,bms,2.82,8.6,,,,,,,,,,cond=mS/cm,
RD-00740,2026-05-22 10:45,SYS-0042,Jenn Fowler,field,1310.0,8.7,487.0,,254.0,0.74,9.9,,,,,cond=uS/cm;hard=ppm CaCO3;cl=ppm;inhib=ppm,
RD-00741,2026-05-22 11:40,SYS-0012,Kyle Bishop,field,1377.0,8.5,409.0,,141.0,0.55,14.0,,,,10^2,cond=uS/cm;hard=ppm CaCO3;cl=ppm;inhib=ppm,
RD-00742,2026-05-22 12:30,SYS-0013,Kyle Bishop,field,2975.0,9.4,,,,,249.0,0.23,,,,cond=uS/cm;moly=ppm,
RD-00743,2026-05-22 13:30,SYS-0011,Kyle Bishop,field,2864.0,11.0,0.7,621.0,,,,0.25,24.0,,,cond=uS/cm;hard=ppm CaCO3;alk=ppm CaCO3;sulfite=ppm,
RD-00744,2026-05-22 13:50,SYS-0041,Jenn Fowler,field,3042.0,10.9,1.0,718.0,,,,0.22,40.0,,,cond=uS/cm;hard=ppm CaCO3;alk=ppm CaCO3;sulfite=ppm,
RD-00745,5/23/26 0:00,SYS-0014,BMS export,bms,2.85,8.6,,,,,,,,,,cond=mS/cm,
RD-00746,5/23/26 0:00,SYS-0015,BMS export,bms,2.96,,,,,,,,,,,cond=mS/cm,
RD-00747,5/23/26 0:00,SYS-0016,BMS export,bms,3.0,8.6,,,,,,,,,,cond=mS/cm,
RD-00748,5/23/26 0:00,SYS-0017,BMS export,bms,2.97,8.7,,,,,,,,,,cond=mS/cm,
RD-00749,5/24/26 0:00,SYS-0014,BMS export,bms,2.89,9.0,,,,,,,,,,cond=mS/cm,
RD-00750,5/24/26 0:00,SYS-0015,BMS export,bms,2.93,,,,,,,,,,,cond=mS/cm,
RD-00751,5/24/26 0:00,SYS-0016,BMS export,bms,2.94,8.7,,,,,,,,,,cond=mS/cm,
RD-00752,5/24/26 0:00,SYS-0017,BMS export,bms,2.99,,,,,,,,,,,cond=mS/cm,
RD-00753,5/25/26 0:00,SYS-0014,BMS export,bms,3.05,,,,,,,,,,,cond=mS/cm,
RD-00754,5/25/26 0:00,SYS-0015,BMS export,bms,2.86,8.8,,,,,,,,,,cond=mS/cm,
RD-00755,5/25/26 0:00,SYS-0016,BMS export,bms,2.97,8.7,,,,,,,,,,cond=mS/cm,
RD-00756,5/25/26 0:00,SYS-0017,BMS export,bms,3.02,8.7,,,,,,,,,,cond=mS/cm,
RD-00757,2026-05-25 10:15,SYS-0040,Dale Hardy,field,2653.0,11.2,1.1,686.0,,,,0.33,32.0,,,cond=uS/cm;hard=ppm CaCO3;alk=ppm CaCO3;sulfite=ppm,
RD-00758,2026-05-25 11:30,SYS-0003,Jenn Fowler,field,1614.0,8.4,362.0,,119.0,0.62,9.2,,,,10^2,cond=uS/cm;hard=ppm CaCO3;cl=ppm;inhib=ppm,
RD-00759,2026-05-25 11:45,SYS-0002,Jenn Fowler,field,2646.0,11.5,0.4,623.0,,,,0.34,27.0,,,cond=uS/cm;hard=ppm CaCO3;alk=ppm CaCO3;sulfite=ppm,
RD-00760,2026-05-25 12:40,SYS-0005,Jenn Fowler,field,2711.0,10.0,,,,,,0.16,,881.0,,cond=uS/cm;nitrite=ppm,
RD-00761,2026-05-25 15:10,SYS-0001,Jenn Fowler,field,3163.0,10.9,0.1,,,,,0.26,29.0,,,cond=uS/cm;hard=ppm CaCO3;alk=ppm CaCO3;sulfite=ppm,
RD-00762,2026-05-25 15:10,SYS-0004,Jenn Fowler,field,1225.0,8.8,472.0,,152.0,0.18,13.4,,,,10^4,cond=uS/cm;hard=ppm CaCO3;cl=ppm;inhib=ppm,
RD-00763,5/26/26 0:00,SYS-0014,BMS export,bms,2.96,8.6,,,,,,,,,,cond=mS/cm,
RD-00764,5/26/26 0:00,SYS-0015,BMS export,bms,2.89,8.3,,,,,,,,,,cond=mS/cm,
RD-00765,5/26/26 0:00,SYS-0016,BMS export,bms,2.96,8.8,,,,,,,,,,cond=mS/cm,
RD-00766,5/26/26 0:00,SYS-0017,BMS export,bms,3.0,8.6,,,,,,,,,,cond=mS/cm,
RD-00767,2026-05-26 11:45,SYS-0007,Marcus Webb,field,1305.0,8.3,502.0,,141.0,0.54,11.0,,,,10^2,cond=uS/cm;hard=ppm CaCO3;cl=ppm;inhib=ppm,
RD-00768,2026-05-26 12:50,SYS-0009,Marcus Webb,field,2998.0,11.2,0.4,,,,,0.19,37.0,,,cond=uS/cm;hard=ppm CaCO3;alk=ppm CaCO3;sulfite=ppm,
RD-00769,2026-05-26 13:10,SYS-0008,Marcus Webb,field,2889.0,9.6,,,,,,0.23,,992.0,,cond=uS/cm;nitrite=ppm,
RD-00770,2026-05-26 15:50,SYS-0006,Marcus Webb,field,2679.0,11.1,0.6,730.0,,,,0.7,16.0,,,cond=uS/cm;hard=ppm CaCO3;alk=ppm CaCO3;sulfite=ppm,
RD-00771,2026-05-26 15:50,SYS-0010,Marcus Webb,field,1902.0,8.7,310.0,,111.0,0.62,8.8,,,,10^3,cond=uS/cm;hard=ppm CaCO3;cl=ppm;inhib=ppm,
RD-00772,5/27/26 0:00,SYS-0014,BMS export,bms,2.8,8.6,,,,,,,,,,cond=mS/cm,
RD-00773,5/27/26 0:00,SYS-0015,BMS export,bms,2.82,,,,,,,,,,,cond=mS/cm,
RD-00774,5/27/26 0:00,SYS-0016,BMS export,bms,2.82,,,,,,,,,,,cond=mS/cm,
RD-00775,5/27/26 0:00,SYS-0017,BMS export,bms,2.97,,,,,,,,,,,cond=mS/cm,
RD-00776,2026-05-27 08:00,SYS-0019,Marcus Webb,field,2688.0,9.4,,,,,,0.96,,650,,cond=uS/cm;nitrite=ppm,Sample drawn before re-dose.
RD-00777,2026-05-27 08:40,SYS-0029,Tomas Rivera,field,2457.0,9.4,,,,,254.0,0.38,,,,cond=uS/cm;moly=ppm,
RD-00778,2026-05-27 08:50,SYS-0027,Tomas Rivera,field,2765.0,11.2,1.1,,,,,0.43,28.0,,,cond=uS/cm;hard=ppm CaCO3;alk=ppm CaCO3;sulfite=ppm,
RD-00779,2026-05-27 09:00,SYS-0036,Tomas Rivera,field,3190.0,11.3,0.8,,,,,0.36,29.0,,,cond=uS/cm;hard=ppm CaCO3;alk=ppm CaCO3;sulfite=ppm,
RD-00780,2026-05-27 10:15,SYS-0037,Tomas Rivera,field,3092.0,11.2,0.6,717.0,,,,0.24,29.0,,,cond=uS/cm;hard=ppm CaCO3;alk=ppm CaCO3;sulfite=ppm,
RD-00781,2026-05-27 11:50,SYS-0050,Tomas Rivera,field,1486.0,8.5,570.0,,234.0,0.53,9.6,,,,10^3,cond=uS/cm;hard=ppm CaCO3;cl=ppm;inhib=ppm,
RD-00782,2026-05-27 12:15,SYS-0038,Tomas Rivera,field,1788.0,8.6,363.0,,71.0,0.65,9.9,,,,10^3,cond=uS/cm;hard=ppm CaCO3;cl=ppm;inhib=ppm,
RD-00783,2026-05-27 13:15,SYS-0039,Tomas Rivera,field,2741.0,9.5,,,,,,0.18,,970.0,,cond=uS/cm;nitrite=ppm,
RD-00784,2026-05-27 13:20,SYS-0049,Tomas Rivera,field,1564.0,9.0,530.0,,147.0,0.67,13.0,,,,,cond=uS/cm;hard=ppm CaCO3;cl=ppm;inhib=ppm,
RD-00785,2026-05-27 14:15,SYS-0028,Tomas Rivera,field,1303.0,8.5,430.0,,115.0,0.37,10.4,,,,10^3,cond=uS/cm;hard=ppm CaCO3;cl=ppm;inhib=ppm,
RD-00786,2026-05-27 15:10,SYS-0021,Marcus Webb,field,2835.0,11.0,0.3,705.0,,,,0.39,29.0,,,cond=uS/cm;hard=ppm CaCO3;alk=ppm CaCO3;sulfite=ppm,
RD-00787,2026-05-27 15:50,SYS-0020,Marcus Webb,field,1465.0,8.4,412.0,,114.0,0.71,13.0,,,,10^3,cond=uS/cm;hard=ppm CaCO3;cl=ppm;inhib=ppm,
RD-00788,5/28/26 0:00,SYS-0014,BMS export,bms,2.9,,,,,,,,,,,cond=mS/cm,
RD-00789,5/28/26 0:00,SYS-0015,BMS export,bms,2.85,8.7,,,,,,,,,,cond=mS/cm,
RD-00790,5/28/26 0:00,SYS-0016,BMS export,bms,2.86,8.6,,,,,,,,,,cond=mS/cm,
RD-00791,5/28/26 0:00,SYS-0017,BMS export,bms,3.11,,,,,,,,,,,cond=mS/cm,
RD-00792,2026-05-28 08:40,SYS-0017,Jenn Fowler,field,3020.0,8.5,361.0,,233.0,0.8,13.6,,,,10^3,cond=uS/cm;hard=ppm CaCO3;cl=ppm;inhib=ppm,
RD-00793,2026-05-28 11:20,SYS-0026,Dale Hardy,field,1654.0,8.6,23.7,,142.0,0.79,11.4,,,,10^3,cond=uS/cm;hard=gpg;cl=ppm;inhib=ppm,
RD-00794,2026-05-28 12:10,SYS-0018,Jenn Fowler,field,2559.0,9.1,,,,,237.0,0.1,,,,cond=uS/cm;moly=ppm,
RD-00795,2026-05-28 12:15,SYS-0016,Jenn Fowler,field,2826.0,8.2,382.0,,226.0,0.49,12.5,,,,,cond=uS/cm;hard=ppm CaCO3;cl=ppm;inhib=ppm,
RD-00796,2026-05-28 13:00,SYS-0015,Jenn Fowler,field,2972.0,8.6,434.0,,242,0.57,15.5,,,,,cond=uS/cm;hard=ppm CaCO3;cl=ppm;inhib=ppm,
RD-00797,2026-05-28 14:20,SYS-0014,Jenn Fowler,field,2908.0,8.6,443.0,,200.0,0.66,15.0,,,,10^3,cond=uS/cm;hard=ppm CaCO3;cl=ppm;inhib=ppm,
RD-00798,2026-05-28 15:00,SYS-0025,Dale Hardy,field,3126.0,11.2,0.1,564.0,,,,0.51,22.0,,,cond=uS/cm;hard=ppm CaCO3;alk=ppm CaCO3;sulfite=ppm,
RD-00799,5/29/26 0:00,SYS-0014,BMS export,bms,2.8,,,,,,,,,,,cond=mS/cm,
RD-00800,5/29/26 0:00,SYS-0015,BMS export,bms,2.84,8.6,,,,,,,,,,cond=mS/cm,
RD-00801,5/29/26 0:00,SYS-0016,BMS export,bms,2.98,8.7,,,,,,,,,,cond=mS/cm,
RD-00802,5/29/26 0:00,SYS-0017,BMS export,bms,2.95,8.7,,,,,,,,,,cond=mS/cm,
RD-00803,2026-05-29 09:15,SYS-0012,Kyle Bishop,field,1494.0,8.7,379.0,,180.0,0.69,11.0,,,,,cond=uS/cm;hard=ppm CaCO3;cl=ppm;inhib=ppm,
RD-00804,2026-05-29 09:40,SYS-0013,Kyle Bishop,field,2837.0,9.6,,,,,288.0,0.23,,,,cond=uS/cm;moly=ppm,
RD-00805,2026-05-29 10:00,SYS-0041,Jenn Fowler,field,3022.0,11.4,0.1,,,,,0.42,25.0,,,cond=uS/cm;hard=ppm CaCO3;alk=ppm CaCO3;sulfite=ppm,
RD-00806,2026-05-29 11:15,SYS-0011,Kyle Bishop,field,2800.0,11.2,0.3,669.0,,,,0.25,29.0,,,cond=uS/cm;hard=ppm CaCO3;alk=ppm CaCO3;sulfite=ppm,
RD-00807,2026-05-29 15:40,SYS-0042,Jenn Fowler,field,1450.0,8.8,440.0,,103.0,0.75,10.0,,,,10^2,cond=uS/cm;hard=ppm CaCO3;cl=ppm;inhib=ppm,
RD-00808,5/30/26 0:00,SYS-0014,BMS export,bms,2.91,8.7,,,,,,,,,,cond=mS/cm,
RD-00809,5/30/26 0:00,SYS-0015,BMS export,bms,2.82,8.8,,,,,,,,,,cond=mS/cm,
RD-00810,5/30/26 0:00,SYS-0016,BMS export,bms,2.73,8.8,,,,,,,,,,cond=mS/cm,
RD-00811,5/30/26 0:00,SYS-0017,BMS export,bms,2.83,8.8,,,,,,,,,,cond=mS/cm,
RD-00812,5/31/26 0:00,SYS-0014,BMS export,bms,3.04,,,,,,,,,,,cond=mS/cm,
RD-00813,5/31/26 0:00,SYS-0015,BMS export,bms,2.82,9.0,,,,,,,,,,cond=mS/cm,
RD-00814,5/31/26 0:00,SYS-0016,BMS export,bms,2.98,,,,,,,,,,,cond=mS/cm,
RD-00815,5/31/26 0:00,SYS-0017,BMS export,bms,3.05,8.8,,,,,,,,,,cond=mS/cm,
RD-00816,2026-05-31 10:40,SYS-0046,Dale Hardy,field,2901.0,11.1,0.7,633.0,,,,0.13,26.0,,,cond=uS/cm;hard=ppm CaCO3;alk=ppm CaCO3;sulfite=ppm,
RD-00817,6/1/26 0:00,SYS-0014,BMS export,bms,2.95,8.5,,,,,,,,,,cond=mS/cm,
RD-00818,6/1/26 0:00,SYS-0015,BMS export,bms,2.99,,,,,,,,,,,cond=mS/cm,
RD-00819,6/1/26 0:00,SYS-0016,BMS export,bms,2.87,9.0,,,,,,,,,,cond=mS/cm,
RD-00820,6/1/26 0:00,SYS-0017,BMS export,bms,2.96,8.9,,,,,,,,,,cond=mS/cm,
RD-00821,2026-06-01 08:40,SYS-0022,Dale Hardy,field,2753.0,11.0,0.2,671.0,,,,0.29,12,,,cond=uS/cm;hard=ppm CaCO3;alk=ppm CaCO3;sulfite=ppm,
RD-00822,2026-06-01 09:40,SYS-0003,Jenn Fowler,field,1641.0,8.8,553.0,,212.0,0.76,11.4,,,,10^3,cond=uS/cm;hard=ppm CaCO3;cl=ppm;inhib=ppm,
RD-00823,2026-06-01 11:10,SYS-0001,Jenn Fowler,field,2955.0,11.1,0.2,731.0,,,,0.18,22.0,,,cond=uS/cm;hard=ppm CaCO3;alk=ppm CaCO3;sulfite=ppm,
RD-00824,2026-06-01 12:00,SYS-0005,Jenn Fowler,field,2896.0,9.8,,,,,,0.05,,1048.0,,cond=uS/cm;nitrite=ppm,
RD-00825,2026-06-01 13:00,SYS-0032,Kyle Bishop,field,1320.0,10.2,1.4,,,,,0.18,41.0,,,cond=uS/cm;hard=ppm CaCO3;alk=ppm CaCO3;sulfite=ppm,
RD-00826,2026-06-01 14:00,SYS-0004,Jenn Fowler,field,1428.0,8.3,391.0,,145.0,0.05,13.5,,,,10^3,cond=uS/cm;hard=ppm CaCO3;cl=ppm;inhib=ppm,
RD-00827,2026-06-01 14:15,SYS-0033,Kyle Bishop,field,1232.0,10.1,0.6,304.0,,,,0.24,40.0,,,cond=uS/cm;hard=ppm CaCO3;alk=ppm CaCO3;sulfite=ppm,
RD-00828,2026-06-01 14:40,SYS-0002,Jenn Fowler,field,2603.0,11.0,0.6,681.0,,,,0.42,34.0,,,cond=uS/cm;hard=ppm CaCO3;alk=ppm CaCO3;sulfite=ppm,
RD-00829,2026-06-01 15:45,SYS-0034,Kyle Bishop,field,1427.0,8.6,454.0,,197.0,0.69,10.9,,,,10^2,cond=uS/cm;hard=ppm CaCO3;cl=ppm;inhib=ppm,
RD-00830,6/2/26 0:00,SYS-0014,BMS export,bms,2.67,8.5,,,,,,,,,,cond=mS/cm,
RD-00831,6/2/26 0:00,SYS-0015,BMS export,bms,3.0,,,,,,,,,,,cond=mS/cm,
RD-00832,6/2/26 0:00,SYS-0016,BMS export,bms,2.9,8.8,,,,,,,,,,cond=mS/cm,
RD-00833,6/2/26 0:00,SYS-0017,BMS export,bms,3.02,8.7,,,,,,,,,,cond=mS/cm,
RD-00834,2026-06-02 09:00,SYS-0045,Marcus Webb,field,,,1.0,,,,,,,,,hard=ppm CaCO3,
RD-00835,2026-06-02 10:20,SYS-0008,Marcus Webb,field,2960.0,9.6,,,,,,0.28,,1071.0,,cond=uS/cm;nitrite=ppm,
RD-00836,2026-06-02 10:30,SYS-0044,Marcus Webb,field,3011.0,9.2,,,,,288.0,0.18,,,,cond=uS/cm;moly=ppm,
RD-00837,2026-06-02 11:15,SYS-0043,Marcus Webb,field,1287.0,8.5,520.0,,166.0,0.54,12.4,,,,10^3,cond=uS/cm;hard=ppm CaCO3;cl=ppm;inhib=ppm,
RD-00838,2026-06-02 14:40,SYS-0007,Marcus Webb,field,1547.0,8.8,537.0,,94.0,0.33,11.1,,,,10^3,cond=uS/cm;hard=ppm CaCO3;cl=ppm;inhib=ppm,
RD-00839,2026-06-02 14:45,SYS-0006,Marcus Webb,field,3039.0,11.2,0.1,605.0,,,,0.78,23.0,,,cond=uS/cm;hard=ppm CaCO3;alk=ppm CaCO3;sulfite=ppm,
RD-00840,6/3/26 0:00,SYS-0014,BMS export,bms,2.74,8.7,,,,,,,,,,cond=mS/cm,
RD-00841,6/3/26 0:00,SYS-0015,BMS export,bms,2.94,8.6,,,,,,,,,,cond=mS/cm,
RD-00842,6/3/26 0:00,SYS-0016,BMS export,bms,2.99,,,,,,,,,,,cond=mS/cm,
RD-00843,6/3/26 0:00,SYS-0017,BMS export,bms,2.97,,,,,,,,,,,cond=mS/cm,
RD-00844,2026-06-03 10:50,SYS-0028,Tomas Rivera,field,1545.0,8.7,357.0,,201.0,0.59,10.1,,,,10^3,cond=uS/cm;hard=ppm CaCO3;cl=ppm;inhib=ppm,
RD-00845,2026-06-03 11:30,SYS-0054,Kyle Bishop,field,2903.0,9.1,,,,,,0.13,,973.0,,cond=uS/cm;nitrite=ppm,
RD-00846,2026-06-03 11:45,SYS-0053,Kyle Bishop,field,2761.0,10.8,1.0,708.0,,,,0.52,26.0,,,cond=uS/cm;hard=ppm CaCO3;alk=ppm CaCO3;sulfite=ppm,
RD-00847,2026-06-03 12:00,SYS-0027,Tomas Rivera,field,2920.0,10.8,0.5,500.0,,,,0.1,34.0,,,cond=uS/cm;hard=ppm CaCO3;alk=ppm CaCO3;sulfite=ppm,
RD-00848,2026-06-03 13:40,SYS-0029,Tomas Rivera,field,2589.0,10.1,,,,,261.0,0.02,,,,cond=uS/cm;moly=ppm,
RD-00849,6/4/26 0:00,SYS-0014,BMS export,bms,2.93,,,,,,,,,,,cond=mS/cm,
RD-00850,6/4/26 0:00,SYS-0015,BMS export,bms,2.91,,,,,,,,,,,cond=mS/cm,
RD-00851,6/4/26 0:00,SYS-0016,BMS export,bms,2.78,9.0,,,,,,,,,,cond=mS/cm,
RD-00852,6/4/26 0:00,SYS-0017,BMS export,bms,2.91,,,,,,,,,,,cond=mS/cm,
RD-00853,2026-06-04 09:00,SYS-0014,Jenn Fowler,field,2918.0,8.6,463.0,,244.0,0.53,16.1,,,,10^3,cond=uS/cm;hard=ppm CaCO3;cl=ppm;inhib=ppm,
RD-00854,2026-06-04 09:45,SYS-0035,Dale Hardy,field,3073.0,11.4,0.2,828.0,,,,0.29,35.0,,,cond=uS/cm;hard=ppm CaCO3;alk=ppm CaCO3;sulfite=ppm,
RD-00855,2026-06-04 11:00,SYS-0015,Jenn Fowler,field,2877.0,8.1,412.0,,226,0.44,16.0,,,,10^2,cond=uS/cm;hard=ppm CaCO3;cl=ppm;inhib=ppm,
RD-00856,2026-06-04 13:30,SYS-0018,Jenn Fowler,field,2397.0,10.0,,,,,199.0,0.24,,,,cond=uS/cm;moly=ppm,
RD-00857,2026-06-04 13:45,SYS-0016,Jenn Fowler,field,3053.0,8.4,452.0,,256.0,0.58,13.9,,,,10^2,cond=uS/cm;hard=ppm CaCO3;cl=ppm;inhib=ppm,
RD-00858,2026-06-04 14:30,SYS-0017,Jenn Fowler,field,2967.0,8.6,390.0,,257.0,0.38,13.6,,,,10^2,cond=uS/cm;hard=ppm CaCO3;cl=ppm;inhib=ppm,
RD-00859,6/5/26 0:00,SYS-0014,BMS export,bms,2.84,8.6,,,,,,,,,,cond=mS/cm,
RD-00860,6/5/26 0:00,SYS-0015,BMS export,bms,2.86,,,,,,,,,,,cond=mS/cm,
RD-00861,6/5/26 0:00,SYS-0016,BMS export,bms,2.99,8.7,,,,,,,,,,cond=mS/cm,
RD-00862,6/5/26 0:00,SYS-0017,BMS export,bms,3.04,8.6,,,,,,,,,,cond=mS/cm,
RD-00863,2026-06-05 08:30,SYS-0041,Jenn Fowler,field,2630.0,11.1,0.5,547.0,,,,0.4,26.0,,,cond=uS/cm;hard=ppm CaCO3;alk=ppm CaCO3;sulfite=ppm,
RD-00864,2026-06-05 12:30,SYS-0013,Kyle Bishop,field,2545.0,9.5,,,,,222.0,0.22,,,,cond=uS/cm;moly=ppm,
RD-00865,2026-06-05 12:50,SYS-0011,Kyle Bishop,field,3176.0,11.1,0.4,689.0,,,,0.32,32.0,,,cond=uS/cm;hard=ppm CaCO3;alk=ppm CaCO3;sulfite=ppm,
RD-00866,2026-06-05 13:15,SYS-0012,Kyle Bishop,field,1580.0,8.6,388.0,,213.0,0.53,10.5,,,,10^2,cond=uS/cm;hard=ppm CaCO3;cl=ppm;inhib=ppm,
RD-00867,2026-06-05 15:20,SYS-0042,Jenn Fowler,field,1422,8.6,403.0,,158.0,0.29,10.8,,,,10^2,cond=uS/cm;hard=ppm CaCO3;cl=ppm;inhib=ppm,
RD-00868,6/6/26 0:00,SYS-0014,BMS export,bms,2.86,8.5,,,,,,,,,,cond=mS/cm,
RD-00869,6/6/26 0:00,SYS-0015,BMS export,bms,2.83,,,,,,,,,,,cond=mS/cm,
RD-00870,6/6/26 0:00,SYS-0016,BMS export,bms,2.86,,,,,,,,,,,cond=mS/cm,
RD-00871,6/6/26 0:00,SYS-0017,BMS export,bms,3.0,,,,,,,,,,,cond=mS/cm,
RD-00872,6/7/26 0:00,SYS-0014,BMS export,bms,2.84,8.6,,,,,,,,,,cond=mS/cm,
RD-00873,6/7/26 0:00,SYS-0015,BMS export,bms,2.87,8.7,,,,,,,,,,cond=mS/cm,
RD-00874,6/7/26 0:00,SYS-0016,BMS export,bms,0.0,8.8,,,,,,,,,,cond=mS/cm,
RD-00875,6/7/26 0:00,SYS-0017,BMS export,bms,2.85,8.8,,,,,,,,,,cond=mS/cm,
RD-00876,6/8/26 0:00,SYS-0014,BMS export,bms,2.65,8.5,,,,,,,,,,cond=mS/cm,
RD-00877,6/8/26 0:00,SYS-0015,BMS export,bms,2.8,8.6,,,,,,,,,,cond=mS/cm,
RD-00878,6/8/26 0:00,SYS-0016,BMS export,bms,2.94,8.7,,,,,,,,,,cond=mS/cm,
RD-00879,6/8/26 0:00,SYS-0017,BMS export,bms,2.92,8.7,,,,,,,,,,cond=mS/cm,
RD-00880,2026-06-08 08:10,SYS-0004,Jenn Fowler,field,1427.0,8.6,289.0,,162.0,0.29,9.8,,,,10^4,cond=uS/cm;hard=ppm CaCO3;cl=ppm;inhib=ppm,
RD-00881,2026-06-08 08:20,SYS-0001,Jenn Fowler,field,2644.0,11.3,0.8,,,,,0.11,36.0,,,cond=uS/cm;hard=ppm CaCO3;alk=ppm CaCO3;sulfite=ppm,
RD-00882,2026-06-08 10:40,SYS-0040,Dale Hardy,field,2750.0,11.2,0.7,629.0,,,,0.42,23.0,,,cond=uS/cm;hard=ppm CaCO3;alk=ppm CaCO3;sulfite=ppm,
RD-00883,2026-06-08 10:50,SYS-0005,Jenn Fowler,field,2241.0,9.5,,,,,,0.15,,967.0,,cond=uS/cm;nitrite=ppm,
RD-00884,2026-06-08 12:10,SYS-0002,Jenn Fowler,field,3386.0,10.9,0.9,575.0,,,,0.22,29.0,,,cond=uS/cm;hard=ppm CaCO3;alk=ppm CaCO3;sulfite=ppm,
RD-00885,2026-06-08 14:45,SYS-0003,Jenn Fowler,field,1538.0,8.8,367.0,,158.0,0.51,10.7,,,,10^2,cond=uS/cm;hard=ppm CaCO3;cl=ppm;inhib=ppm,
RD-00886,6/9/26 0:00,SYS-0014,BMS export,bms,2.95,8.6,,,,,,,,,,cond=mS/cm,
RD-00887,6/9/26 0:00,SYS-0015,BMS export,bms,2.95,,,,,,,,,,,cond=mS/cm,
RD-00888,6/9/26 0:00,SYS-0016,BMS export,bms,3.15,,,,,,,,,,,cond=mS/cm,
RD-00889,6/9/26 0:00,SYS-0017,BMS export,bms,2.96,8.7,,,,,,,,,,cond=mS/cm,
RD-00890,2026-06-09 08:15,SYS-0008,Marcus Webb,field,2850.0,9.6,,,,,,0.09,,887.0,,cond=uS/cm;nitrite=ppm,
RD-00891,2026-06-09 08:30,SYS-0010,Marcus Webb,field,1593.0,8.4,375.0,,101.0,0.49,13.1,,,,10^2,cond=uS/cm;hard=ppm CaCO3;cl=ppm;inhib=ppm,
RD-00892,2026-06-09 10:00,BONF-CLF-B1,Central Analytical,lab,2.77,11.14,0.1,622,199,,,0.38,,,,cond=mS/cm;hard=ppm CaCO3;alk=ppm CaCO3;cl=ppm,Certified lab analysis.
RD-00893,2026-06-09 10:00,BONF-OGD-B2,Central Analytical,lab,2.76,10.71,0.3,618,236,,,0.25,,,,cond=mS/cm;hard=ppm CaCO3;alk=ppm CaCO3;cl=ppm,Certified lab analysis.
RD-00894,2026-06-09 10:00,CLPK-B1,Central Analytical,lab,2.84,11.06,1.1,661,121,,,0.24,,,,cond=mS/cm;hard=ppm CaCO3;alk=ppm CaCO3;cl=ppm,Certified lab analysis.
RD-00895,2026-06-09 10:00,MRMC-B1,Central Analytical,lab,2.92,11.06,0.6,655,250,,,0.34,,,,cond=mS/cm;hard=ppm CaCO3;alk=ppm CaCO3;cl=ppm,Certified lab analysis.
RD-00896,2026-06-09 10:00,SALT-HP1,Central Analytical,lab,1.08,10.19,0.4,258,156,,,0.31,,,,cond=mS/cm;hard=ppm CaCO3;alk=ppm CaCO3;cl=ppm,Certified lab analysis.
RD-00897,2026-06-09 10:00,SALT-HP2,Central Analytical,lab,1.26,10.48,0.3,320,184,,,0.16,,,,cond=mS/cm;hard=ppm CaCO3;alk=ppm CaCO3;cl=ppm,Certified lab analysis.
RD-00898,2026-06-09 14:00,SYS-0006,Marcus Webb,field,3412.0,10.7,1.0,,,,,0.77,23.0,,,cond=uS/cm;hard=ppm CaCO3;alk=ppm CaCO3;sulfite=ppm,
RD-00899,2026-06-09 15:00,SYS-0007,Marcus Webb,field,1667.0,8.4,325.0,,190.0,0.69,10.2,,,,,cond=uS/cm;hard=ppm CaCO3;cl=ppm;inhib=ppm,
RD-00900,2026-06-09 15:00,SYS-0009,Marcus Webb,field,2758.0,11.0,0.5,582.0,,,,0.4,31.0,,,cond=uS/cm;hard=ppm CaCO3;alk=ppm CaCO3;sulfite=ppm,
RD-00901,2026-06-09 15:15,SYS-0051,Dale Hardy,field,2752.0,11.0,0,712.0,,,,0.41,28.0,,,cond=uS/cm;hard=ppm CaCO3;alk=ppm CaCO3;sulfite=ppm,
RD-00902,6/10/26 0:00,SYS-0014,BMS export,bms,2.8,,,,,,,,,,,cond=mS/cm,
RD-00903,6/10/26 0:00,SYS-0015,BMS export,bms,2.86,8.5,,,,,,,,,,cond=mS/cm,
RD-00904,6/10/26 0:00,SYS-0016,BMS export,bms,2.85,,,,,,,,,,,cond=mS/cm,
RD-00905,6/10/26 0:00,SYS-0017,BMS export,bms,2.93,8.6,,,,,,,,,,cond=mS/cm,
RD-00906,2026-06-10 08:00,SYS-0039,Tomas Rivera,field,2735.0,9.5,,,,,,0.39,,1242.0,,cond=uS/cm;nitrite=ppm,
RD-00907,2026-06-10 08:45,SYS-0028,Tomas Rivera,field,1470.0,9.0,408.0,,185.0,0.89,10.3,,,,10^3,cond=uS/cm;hard=ppm CaCO3;cl=ppm;inhib=ppm,
RD-00908,2026-06-10 09:10,SYS-0037,Tomas Rivera,field,2714.0,11.0,1.0,,,,,0.18,29.0,,,cond=uS/cm;hard=ppm CaCO3;alk=ppm CaCO3;sulfite=ppm,
RD-00909,2026-06-10 09:15,SYS-0038,Tomas Rivera,field,1426.0,8.6,417.0,,225.0,0.74,10.9,,,,,cond=uS/cm;hard=ppm CaCO3;cl=ppm;inhib=ppm,
RD-00910,2026-06-10 10:50,SYS-0036,Tomas Rivera,field,2871.0,10.9,0.9,753.0,,,,0.16,37.0,,,cond=uS/cm;hard=ppm CaCO3;alk=ppm CaCO3;sulfite=ppm,
RD-00911,2026-06-10 11:30,SYS-0027,Tomas Rivera,field,2504.0,11.0,0.7,607.0,,,,0.39,31.0,,,cond=uS/cm;hard=ppm CaCO3;alk=ppm CaCO3;sulfite=ppm,
RD-00912,2026-06-10 13:10,SYS-0021,Marcus Webb,field,2764.0,11.3,0.7,699.0,,,,0.46,28.0,,,cond=uS/cm;hard=ppm CaCO3;alk=ppm CaCO3;sulfite=ppm,
RD-00913,2026-06-10 13:45,SYS-0019,Marcus Webb,field,2455.0,9.7,,,,,,1.0,,610,,cond=uS/cm;nitrite=ppm,Sample drawn before re-dose.
RD-00914,2026-06-10 13:45,SYS-0029,Tomas Rivera,field,2978.0,9.1,,,,,223.0,0.1,,,,cond=uS/cm;moly=ppm,
RD-00915,2026-06-10 14:50,SYS-0020,Marcus Webb,field,1478.0,8.6,396.0,,193.0,0.53,9.9,,,,,cond=uS/cm;hard=ppm CaCO3;cl=ppm;inhib=ppm,
RD-00916,6/11/26 0:00,SYS-0014,BMS export,bms,2.73,,,,,,,,,,,cond=mS/cm,
RD-00917,6/11/26 0:00,SYS-0015,BMS export,bms,2.88,,,,,,,,,,,cond=mS/cm,
RD-00918,6/11/26 0:00,SYS-0016,BMS export,bms,2.89,8.5,,,,,,,,,,cond=mS/cm,
RD-00919,6/11/26 0:00,SYS-0017,BMS export,bms,2.97,8.6,,,,,,,,,,cond=mS/cm,
RD-00920,2026-06-11 09:00,SYS-0016,Jenn Fowler,field,2775.0,8.6,407.0,,250.0,0.94,14.6,,,,10^2,cond=uS/cm;hard=ppm CaCO3;cl=ppm;inhib=ppm,
RD-00921,2026-06-11 09:10,SYS-0017,Jenn Fowler,field,3023.0,9.1,344.0,,201.0,0.56,14.9,,,,10^2,cond=uS/cm;hard=ppm CaCO3;cl=ppm;inhib=ppm,
RD-00922,2026-06-11 09:45,SYS-0026,Dale Hardy,field,1568.0,8.5,19.2,,150.0,0.62,8.1,,,,10^3,cond=uS/cm;hard=gpg;cl=ppm;inhib=ppm,
RD-00923,2026-06-11 09:50,SYS-0030,Dale Hardy,field,2675.0,91.2,,,,,,0.19,,997.0,,cond=uS/cm;nitrite=ppm,
RD-00924,2026-06-11 10:10,SYS-0031,Dale Hardy,field,1721.0,8.7,25.1,,170.0,0.82,11.1,,,,10^2,cond=uS/cm;hard=gpg;cl=ppm;inhib=ppm,
RD-00925,2026-06-11 12:15,SYS-0025,Dale Hardy,field,2984.0,11.2,0.5,737.0,,,,0.19,29.0,,,cond=uS/cm;hard=ppm CaCO3;alk=ppm CaCO3;sulfite=ppm,
RD-00926,2026-06-11 15:00,SYS-0015,Jenn Fowler,field,3049.0,8.9,330.0,,236,0.7,17.7,,,,10^2,cond=uS/cm;hard=ppm CaCO3;cl=ppm;inhib=ppm,
RD-00927,2026-06-11 15:00,SYS-0018,Jenn Fowler,field,2746.0,9.1,,,,,261.0,0.13,,,,cond=uS/cm;moly=ppm,
RD-00928,2026-06-11 15:15,SYS-0014,Jenn Fowler,field,3120.0,8.7,473.0,,217.0,0.53,13.9,,,,10^2,cond=uS/cm;hard=ppm CaCO3;cl=ppm;inhib=ppm,
RD-00929,6/12/26 0:00,SYS-0014,BMS export,bms,2.77,,,,,,,,,,,cond=mS/cm,
RD-00930,6/12/26 0:00,SYS-0015,BMS export,bms,2.89,8.8,,,,,,,,,,cond=mS/cm,
RD-00931,6/12/26 0:00,SYS-0016,BMS export,bms,2.99,8.5,,,,,,,,,,cond=mS/cm,
RD-00932,6/12/26 0:00,SYS-0017,BMS export,bms,2.93,8.7,,,,,,,,,,cond=mS/cm,
RD-00933,2026-06-12 10:10,SYS-0011,Kyle Bishop,field,2961.0,10.8,0.3,,,,,0.51,24.0,,,cond=uS/cm;hard=ppm CaCO3;alk=ppm CaCO3;sulfite=ppm,
RD-00934,2026-06-12 10:40,SYS-0019,Marcus Webb,field,2704.0,9.6,,,,,,0.97,,560,,cond=uS/cm;nitrite=ppm,Sample drawn before re-dose.
RD-00935,2026-06-12 10:45,SYS-0041,Jenn Fowler,field,2681.0,11.0,0.2,865.0,,,,0.41,29.0,,,cond=uS/cm;hard=ppm CaCO3;alk=ppm CaCO3;sulfite=ppm,
RD-00936,2026-06-12 11:30,SYS-0013,Kyle Bishop,field,2696.0,9.7,,,,,263.0,0.05,,,,cond=uS/cm;moly=ppm,
RD-00937,2026-06-12 12:40,SYS-0042,Jenn Fowler,field,1446,8.7,417.0,,171.0,0.78,9.4,,,,10^2,cond=uS/cm;hard=ppm CaCO3;cl=ppm;inhib=ppm,
RD-00938,2026-06-12 15:50,SYS-0012,Kyle Bishop,field,1798.0,8.6,428.0,,210.0,0.46,10.8,,,,10^3,cond=uS/cm;hard=ppm CaCO3;cl=ppm;inhib=ppm,
RD-00939,6/13/26 0:00,SYS-0014,BMS export,bms,2.8,,,,,,,,,,,cond=mS/cm,
RD-00940,6/13/26 0:00,SYS-0015,BMS export,bms,2.67,8.9,,,,,,,,,,cond=mS/cm,
RD-00941,6/13/26 0:00,SYS-0016,BMS export,bms,3.01,8.8,,,,,,,,,,cond=mS/cm,
RD-00942,6/13/26 0:00,SYS-0017,BMS export,bms,3.05,8.6,,,,,,,,,,cond=mS/cm,
RD-00943,6/14/26 0:00,SYS-0014,BMS export,bms,2.86,,,,,,,,,,,cond=mS/cm,
RD-00944,6/14/26 0:00,SYS-0015,BMS export,bms,2.91,8.7,,,,,,,,,,cond=mS/cm,
RD-00945,6/14/26 0:00,SYS-0016,BMS export,bms,2.99,,,,,,,,,,,cond=mS/cm,
RD-00946,6/14/26 0:00,SYS-0017,BMS export,bms,2.84,,,,,,,,,,,cond=mS/cm,
RD-00947,6/15/26 0:00,SYS-0014,BMS export,bms,2.78,8.7,,,,,,,,,,cond=mS/cm,
RD-00948,6/15/26 0:00,SYS-0015,BMS export,bms,3.03,8.7,,,,,,,,,,cond=mS/cm,
RD-00949,6/15/26 0:00,SYS-0016,BMS export,bms,2.99,8.9,,,,,,,,,,cond=mS/cm,
RD-00950,6/15/26 0:00,SYS-0017,BMS export,bms,2.88,,,,,,,,,,,cond=mS/cm,
RD-00951,2026-06-15 08:00,SYS-0002,Tomas Rivera,field,3047.0,11.0,1.0,793.0,,,,0.26,32.0,,,cond=uS/cm;hard=ppm CaCO3;alk=ppm CaCO3;sulfite=ppm,
RD-00952,2026-06-15 08:50,SYS-0032,Kyle Bishop,field,1235.0,10.2,0.8,322.0,,,,0.45,41.0,,,cond=uS/cm;hard=ppm CaCO3;alk=ppm CaCO3;sulfite=ppm,
RD-00953,2026-06-15 11:20,SYS-0034,Kyle Bishop,field,1552.0,8.5,444.0,,171.0,0.67,14.2,,,,,cond=uS/cm;hard=ppm CaCO3;cl=ppm;inhib=ppm,
RD-00954,2026-06-15 14:20,SYS-0033,Kyle Bishop,field,1221.0,10.4,0.8,360.0,,,,0.21,44.0,,,cond=uS/cm;hard=ppm CaCO3;alk=ppm CaCO3;sulfite=ppm,
RD-00955,2026-06-15 15:00,SYS-0005,Tomas Rivera,field,3129.0,9.6,,,,,,0.19,,873.0,,cond=uS/cm;nitrite=ppm,
RD-00956,2026-06-15 15:10,SYS-0004,Tomas Rivera,field,1159.0,8.5,382.0,,195.0,0.21,9.3,,,,10^4,cond=uS/cm;hard=ppm CaCO3;cl=ppm;inhib=ppm,
RD-00957,2026-06-15 15:15,SYS-0003,Tomas Rivera,field,1664.0,8.3,505.0,,88.0,0.58,10.3,,,,10^3,cond=uS/cm;hard=ppm CaCO3;cl=ppm;inhib=ppm,
RD-00958,2026-06-15 15:40,SYS-0001,Tomas Rivera,field,3067.0,11.1,1.1,639.0,,,,0.27,32.0,,,cond=uS/cm;hard=ppm CaCO3;alk=ppm CaCO3;sulfite=ppm,
RD-00959,6/16/26 0:00,SYS-0014,BMS export,bms,2.98,,,,,,,,,,,cond=mS/cm,
RD-00960,6/16/26 0:00,SYS-0015,BMS export,bms,2.83,8.7,,,,,,,,,,cond=mS/cm,
RD-00961,6/16/26 0:00,SYS-0016,BMS export,bms,2.82,8.5,,,,,,,,,,cond=mS/cm,
RD-00962,6/16/26 0:00,SYS-0017,BMS export,bms,3.01,8.5,,,,,,,,,,cond=mS/cm,
RD-00963,2026-06-16 10:10,SYS-0047,Tomas Rivera,field,2892.0,11.1,0,794.0,,,,0.4,27.0,,,cond=uS/cm;hard=ppm CaCO3;alk=ppm CaCO3;sulfite=ppm,
RD-00964,2026-06-16 10:15,SYS-0008,Marcus Webb,field,3088.0,9.4,,,,,,0.15,,1040.0,,cond=uS/cm;nitrite=ppm,
RD-00965,2026-06-16 10:30,SYS-0043,Marcus Webb,field,1543.0,8.6,416.0,,193.0,0.71,10.0,,,,10^3,cond=uS/cm;hard=ppm CaCO3;cl=ppm;inhib=ppm,
RD-00966,2026-06-16 11:15,SYS-0007,Marcus Webb,field,1626.0,8.6,394.0,,122.0,0.46,12.5,,,,10^2,cond=uS/cm;hard=ppm CaCO3;cl=ppm;inhib=ppm,
RD-00967,2026-06-16 11:15,SYS-0048,Tomas Rivera,field,1520.0,8.4,420.0,,204.0,0.84,10.4,,,,10^2,cond=uS/cm;hard=ppm CaCO3;cl=ppm;inhib=ppm,
RD-00968,2026-06-16 12:20,SYS-0044,Marcus Webb,field,2951.0,9.3,,,,,226.0,0.19,,,,cond=uS/cm;moly=ppm,
RD-00969,2026-06-16 14:15,SYS-0006,Marcus Webb,field,3163.0,11.3,0.7,,,,,1.06,36.0,,,cond=uS/cm;hard=ppm CaCO3;alk=ppm CaCO3;sulfite=ppm,
RD-00970,6/17/26 0:00,SYS-0014,BMS export,bms,3.05,,,,,,,,,,,cond=mS/cm,
RD-00971,6/17/26 0:00,SYS-0015,BMS export,bms,2.8,,,,,,,,,,,cond=mS/cm,
RD-00972,6/17/26 0:00,SYS-0016,BMS export,bms,2.93,,,,,,,,,,,cond=mS/cm,
RD-00973,6/17/26 0:00,SYS-0017,BMS export,bms,2.97,8.6,,,,,,,,,,cond=mS/cm,
RD-00974,2026-06-17 09:00,SYS-0029,Tomas Rivera,field,2777.0,9.6,,,,,230.0,0.15,,,,cond=uS/cm;moly=ppm,
RD-00975,2026-06-17 09:15,SYS-0028,Tomas Rivera,field,1525.0,8.7,458.0,,252.0,0.61,12.1,,,,,cond=uS/cm;hard=ppm CaCO3;cl=ppm;inhib=ppm,
RD-00976,2026-06-17 14:50,SYS-0027,Tomas Rivera,field,3074.0,10.6,0.9,605.0,,,,0.39,32.0,,,cond=uS/cm;hard=ppm CaCO3;alk=ppm CaCO3;sulfite=ppm,
RD-00977,6/18/26 0:00,SYS-0014,BMS export,bms,2.83,8.9,,,,,,,,,,cond=mS/cm,
RD-00978,6/18/26 0:00,SYS-0015,BMS export,bms,2.83,8.6,,,,,,,,,,cond=mS/cm,
RD-00979,6/18/26 0:00,SYS-0016,BMS export,bms,2.99,8.5,,,,,,,,,,cond=mS/cm,
RD-00980,6/18/26 0:00,SYS-0017,BMS export,bms,2.74,,,,,,,,,,,cond=mS/cm,
RD-00981,2026-06-18 09:15,SYS-0014,Tomas Rivera,field,3065.0,8.6,310.0,,271.0,0.45,16.5,,,,10^2,cond=uS/cm;hard=ppm CaCO3;cl=ppm;inhib=ppm,
RD-00982,2026-06-18 09:50,SYS-0046,Dale Hardy,field,2921.0,11.1,0.8,683.0,,,,0.4,33.0,,,cond=uS/cm;hard=ppm CaCO3;alk=ppm CaCO3;sulfite=ppm,
RD-00983,2026-06-18 10:10,SYS-0017,Tomas Rivera,field,2820.0,8.8,447.0,,227.0,0.44,15.9,,,,,cond=uS/cm;hard=ppm CaCO3;cl=ppm;inhib=ppm,
RD-00984,2026-06-18 12:50,SYS-0016,Tomas Rivera,field,2860.0,8.6,405.0,,273.0,0.8,15.6,,,,10^2,cond=uS/cm;hard=ppm CaCO3;cl=ppm;inhib=ppm,
RD-00985,2026-06-18 15:45,SYS-0015,Tomas Rivera,field,2871.0,8.8,464.0,,260,0.73,13.4,,,,,cond=uS/cm;hard=ppm CaCO3;cl=ppm;inhib=ppm,
RD-00986,2026-06-18 15:45,SYS-0018,Tomas Rivera,field,2684.0,9.1,,,,,273.0,0.16,,,,cond=uS/cm;moly=ppm,
RD-00987,6/19/26 0:00,SYS-0014,BMS export,bms,2.93,8.7,,,,,,,,,,cond=mS/cm,
RD-00988,6/19/26 0:00,SYS-0015,BMS export,bms,2.83,,,,,,,,,,,cond=mS/cm,
RD-00989,6/19/26 0:00,SYS-0016,BMS export,bms,2.96,,,,,,,,,,,cond=mS/cm,
RD-00990,6/19/26 0:00,SYS-0017,BMS export,bms,3.12,8.8,,,,,,,,,,cond=mS/cm,
RD-00991,2026-06-19 10:40,SYS-0041,Tomas Rivera,field,2719.0,10.8,0.5,746.0,,,,0.38,36.0,,,cond=uS/cm;hard=ppm CaCO3;alk=ppm CaCO3;sulfite=ppm,
RD-00992,2026-06-19 12:00,SYS-0013,Kyle Bishop,field,3028.0,9.9,,,,,274.0,0.18,,,,cond=uS/cm;moly=ppm,
RD-00993,2026-06-19 12:45,SYS-0011,Kyle Bishop,field,3010.0,11.0,0.4,644.0,,,,0.31,31.0,,,cond=uS/cm;hard=ppm CaCO3;alk=ppm CaCO3;sulfite=ppm,
RD-00994,2026-06-19 13:30,SYS-0042,Tomas Rivera,field,1561,8.4,518.0,,119.0,0.71,10.6,,,,10^2,cond=uS/cm;hard=ppm CaCO3;cl=ppm;inhib=ppm,
RD-00995,2026-06-19 14:40,SYS-0012,Kyle Bishop,field,1595.0,8.5,381.0,,193.0,0.65,10.3,,,,10^2,cond=uS/cm;hard=ppm CaCO3;cl=ppm;inhib=ppm,
RD-00996,6/20/26 0:00,SYS-0014,BMS export,bms,2.97,8.7,,,,,,,,,,cond=mS/cm,
RD-00997,6/20/26 0:00,SYS-0015,BMS export,bms,2.92,,,,,,,,,,,cond=mS/cm,
RD-00998,6/20/26 0:00,SYS-0016,BMS export,bms,2.89,,,,,,,,,,,cond=mS/cm,
RD-00999,6/20/26 0:00,SYS-0017,BMS export,bms,3.0,8.7,,,,,,,,,,cond=mS/cm,
RD-01000,6/21/26 0:00,SYS-0014,BMS export,bms,2.8,8.8,,,,,,,,,,cond=mS/cm,
RD-01001,6/21/26 0:00,SYS-0015,BMS export,bms,2.99,8.7,,,,,,,,,,cond=mS/cm,
RD-01002,6/21/26 0:00,SYS-0016,BMS export,bms,2.86,,,,,,,,,,,cond=mS/cm,
RD-01003,6/21/26 0:00,SYS-0017,BMS export,bms,2.95,,,,,,,,,,,cond=mS/cm,
RD-01004,6/22/26 0:00,SYS-0014,BMS export,bms,2.91,,,,,,,,,,,cond=mS/cm,
RD-01005,6/22/26 0:00,SYS-0015,BMS export,bms,2.75,8.7,,,,,,,,,,cond=mS/cm,
RD-01006,6/22/26 0:00,SYS-0016,BMS export,bms,3.05,,,,,,,,,,,cond=mS/cm,
RD-01007,6/22/26 0:00,SYS-0017,BMS export,bms,3.17,,,,,,,,,,,cond=mS/cm,
RD-01008,2026-06-22 08:30,SYS-0004,Tomas Rivera,field,1507.0,8.6,439.0,,153.0,0.24,10.7,,,,10^4,cond=uS/cm;hard=ppm CaCO3;cl=ppm;inhib=ppm,
RD-01009,2026-06-22 12:45,SYS-0005,Tomas Rivera,field,2819.0,9.3,,,,,,0.27,,1155.0,,cond=uS/cm;nitrite=ppm,
RD-01010,2026-06-22 13:50,SYS-0003,Tomas Rivera,field,1755.0,8.7,532.0,,209.0,0.56,13.1,,,,10^2,cond=uS/cm;hard=ppm CaCO3;cl=ppm;inhib=ppm,
RD-01011,2026-06-22 14:20,SYS-0001,Tomas Rivera,field,2983.0,11.1,0.5,730.0,,,,0.16,24.0,,,cond=uS/cm;hard=ppm CaCO3;alk=ppm CaCO3;sulfite=ppm,
RD-01012,2026-06-22 15:10,SYS-0040,Dale Hardy,field,2871.0,11.1,0.3,620.0,,,,0.33,34.0,,,cond=uS/cm;hard=ppm CaCO3;alk=ppm CaCO3;sulfite=ppm,
RD-01013,2026-06-22 15:50,SYS-0002,Tomas Rivera,field,2806.0,11.2,0.4,468.0,,,,0.56,33.0,,,cond=uS/cm;hard=ppm CaCO3;alk=ppm CaCO3;sulfite=ppm,
RD-01014,6/23/26 0:00,SYS-0014,BMS export,bms,2.84,,,,,,,,,,,cond=mS/cm,
RD-01015,6/23/26 0:00,SYS-0015,BMS export,bms,2.82,8.7,,,,,,,,,,cond=mS/cm,
RD-01016,6/23/26 0:00,SYS-0016,BMS export,bms,3.18,,,,,,,,,,,cond=mS/cm,
RD-01017,6/23/26 0:00,SYS-0017,BMS export,bms,2.93,,,,,,,,,,,cond=mS/cm,
RD-01018,2026-06-23 08:30,SYS-0009,Marcus Webb,field,2771.0,11.2,0,658.0,,,,0.22,34.0,,,cond=uS/cm;hard=ppm CaCO3;alk=ppm CaCO3;sulfite=ppm,
RD-01019,2026-06-23 09:00,SYS-0007,Marcus Webb,field,1471.0,8.5,360.0,,196.0,0.76,9.2,,,,10^2,cond=uS/cm;hard=ppm CaCO3;cl=ppm;inhib=ppm,
RD-01020,2026-06-23 12:50,SYS-0008,Marcus Webb,field,2824.0,9.4,,,,,,0.34,,985.0,,cond=uS/cm;nitrite=ppm,
RD-01021,2026-06-23 13:10,SYS-0010,Marcus Webb,field,1701.0,8.9,420.0,,124.0,0.36,12.3,,,,10^3,cond=uS/cm;hard=ppm CaCO3;cl=ppm;inhib=ppm,
RD-01022,2026-06-23 14:15,SYS-0006,Marcus Webb,field,2567.0,11.2,1.5,634.0,,,,1.1,24.0,,,cond=uS/cm;hard=ppm CaCO3;alk=ppm CaCO3;sulfite=ppm,
RD-01023,6/24/26 0:00,SYS-0014,BMS export,bms,3.04,8.8,,,,,,,,,,cond=mS/cm,
RD-01024,6/24/26 0:00,SYS-0015,BMS export,bms,2.87,9.0,,,,,,,,,,cond=mS/cm,
RD-01025,6/24/26 0:00,SYS-0016,BMS export,bms,2.92,8.6,,,,,,,,,,cond=mS/cm,
RD-01026,6/24/26 0:00,SYS-0017,BMS export,bms,2.9,,,,,,,,,,,cond=mS/cm,
RD-01027,2026-06-24 09:15,SYS-0029,Tomas Rivera,field,3018.0,9.7,,,,,222.0,0.31,,,,cond=uS/cm;moly=ppm,
RD-01028,2026-06-24 09:40,SYS-0038,Tomas Rivera,field,1534.0,8.7,393.0,,216.0,0.74,10.8,,,,,cond=uS/cm;hard=ppm CaCO3;cl=ppm;inhib=ppm,
RD-01029,2026-06-24 11:40,SYS-0028,Tomas Rivera,field,1473.0,9.0,348.0,,183.0,0.6,9.1,,,,10^3,cond=uS/cm;hard=ppm CaCO3;cl=ppm;inhib=ppm,
RD-01030,2026-06-24 12:00,SYS-0037,Tomas Rivera,field,2896.0,11.2,0.9,613.0,,,,0.32,31.0,,,cond=uS/cm;hard=ppm CaCO3;alk=ppm CaCO3;sulfite=ppm,
RD-01031,2026-06-24 12:45,SYS-0019,Marcus Webb,field,2754.0,9.0,,,,,,0.77,,530,,cond=uS/cm;nitrite=ppm,Sample drawn before re-dose.
RD-01032,2026-06-24 13:15,SYS-0050,Tomas Rivera,field,1424.0,9.0,435.0,,168.0,0.92,10.7,,,,10^2,cond=uS/cm;hard=ppm CaCO3;cl=ppm;inhib=ppm,
RD-01033,2026-06-24 13:30,SYS-0049,Tomas Rivera,field,1678.0,8.5,432.0,,199.0,0.5,8.2,,,,10^2,cond=uS/cm;hard=ppm CaCO3;cl=ppm;inhib=ppm,
RD-01034,2026-06-24 13:40,SYS-0036,Tomas Rivera,field,3215.0,11.2,0.6,,,,,0.27,28.0,,,cond=uS/cm;hard=ppm CaCO3;alk=ppm CaCO3;sulfite=ppm,
RD-01035,2026-06-24 14:10,SYS-0020,Marcus Webb,field,1711.0,8.7,404.0,,174.0,0.66,10.6,,,,10^3,cond=uS/cm;hard=ppm CaCO3;cl=ppm;inhib=ppm,
RD-01036,2026-06-24 14:20,SYS-0021,Marcus Webb,field,2447.0,11.1,0.3,631.0,,,,0.34,31.0,,,cond=uS/cm;hard=ppm CaCO3;alk=ppm CaCO3;sulfite=ppm,
RD-01037,2026-06-24 14:30,SYS-0039,Tomas Rivera,field,2716.0,9.6,,,,,,0.23,,993.0,,cond=uS/cm;nitrite=ppm,
RD-01038,2026-06-24 15:00,SYS-0027,Tomas Rivera,field,2502.0,10.8,0.4,528.0,,,,0.5,24.0,,,cond=uS/cm;hard=ppm CaCO3;alk=ppm CaCO3;sulfite=ppm,
RD-01039,6/25/26 0:00,SYS-0014,BMS export,bms,3.05,8.6,,,,,,,,,,cond=mS/cm,
RD-01040,6/25/26 0:00,SYS-0015,BMS export,bms,2.96,8.8,,,,,,,,,,cond=mS/cm,
RD-01041,6/25/26 0:00,SYS-0016,BMS export,bms,2.98,8.9,,,,,,,,,,cond=mS/cm,
RD-01042,6/25/26 0:00,SYS-0017,BMS export,bms,2.96,8.4,,,,,,,,,,cond=mS/cm,
RD-01043,2026-06-25 10:40,SYS-0026,Dale Hardy,field,1457.0,8.4,25.8,,120.0,0.61,12.2,,,,,cond=uS/cm;hard=gpg;cl=ppm;inhib=ppm,
RD-01044,2026-06-25 10:50,SYS-0025,Dale Hardy,field,2865.0,11.4,0.4,,,,,0.47,24.0,,,cond=uS/cm;hard=ppm CaCO3;alk=ppm CaCO3;sulfite=ppm,
RD-01045,2026-06-25 11:15,SYS-0018,Tomas Rivera,field,2690.0,9.5,,,,,233.0,0.24,,,,cond=uS/cm;moly=ppm,
RD-01046,2026-06-25 13:00,SYS-0014,Tomas Rivera,field,2821.0,8.8,416.0,,217.0,0.79,16.9,,,,10^3,cond=uS/cm;hard=ppm CaCO3;cl=ppm;inhib=ppm,
RD-01047,2026-06-25 13:00,SYS-0016,Tomas Rivera,field,2751.0,8.7,304.0,,222.0,0.41,16.8,,,,10^3,cond=uS/cm;hard=ppm CaCO3;cl=ppm;inhib=ppm,
RD-01048,2026-06-25 14:15,SYS-0015,Tomas Rivera,field,2923.0,8.7,419.0,,247,0.52,12.7,,,,10^3,cond=uS/cm;hard=ppm CaCO3;cl=ppm;inhib=ppm,
RD-01049,2026-06-25 15:40,SYS-0017,Tomas Rivera,field,2749.0,8.7,368.0,,191.0,0.44,16.0,,,,10^2,cond=uS/cm;hard=ppm CaCO3;cl=ppm;inhib=ppm,
RD-01050,6/26/26 0:00,SYS-0014,BMS export,bms,2.89,8.6,,,,,,,,,,cond=mS/cm,
RD-01051,6/26/26 0:00,SYS-0015,BMS export,bms,2.82,8.8,,,,,,,,,,cond=mS/cm,
RD-01052,6/26/26 0:00,SYS-0016,BMS export,bms,2.9,8.8,,,,,,,,,,cond=mS/cm,
RD-01053,6/26/26 0:00,SYS-0017,BMS export,bms,3.28,9.0,,,,,,,,,,cond=mS/cm,
RD-01054,2026-06-26 08:00,SYS-0011,Kyle Bishop,field,2828.0,11.3,0.9,668.0,,,,0.27,35.0,,,cond=uS/cm;hard=ppm CaCO3;alk=ppm CaCO3;sulfite=ppm,
RD-01055,2026-06-26 12:20,SYS-0022,Dale Hardy,field,2970.0,11.0,0.7,672.0,,,,0.49,3,,,cond=uS/cm;hard=ppm CaCO3;alk=ppm CaCO3;sulfite=ppm,
RD-01056,2026-06-26 12:30,SYS-0012,Kyle Bishop,field,1703.0,8.5,502.0,,156.0,0.71,9.5,,,,,cond=uS/cm;hard=ppm CaCO3;cl=ppm;inhib=ppm,
RD-01057,2026-06-26 14:30,SYS-0013,Kyle Bishop,field,3193.0,9.3,,,,,249.0,0.13,,,,cond=uS/cm;moly=ppm,
RD-01058,2026-06-26 14:40,SYS-0041,Tomas Rivera,field,3207.0,11.2,0.9,,,,,0.55,34.0,,,cond=uS/cm;hard=ppm CaCO3;alk=ppm CaCO3;sulfite=ppm,
RD-01059,2026-06-26 14:40,SYS-0042,Tomas Rivera,field,1647,8.5,438.0,,147.0,0.49,9.7,,,,,cond=uS/cm;hard=ppm CaCO3;cl=ppm;inhib=ppm,
RD-01060,6/27/26 0:00,SYS-0014,BMS export,bms,2.91,,,,,,,,,,,cond=mS/cm,
RD-01061,6/27/26 0:00,SYS-0015,BMS export,bms,2.8,,,,,,,,,,,cond=mS/cm,
RD-01062,6/27/26 0:00,SYS-0016,BMS export,bms,2.89,8.8,,,,,,,,,,cond=mS/cm,
RD-01063,6/27/26 0:00,SYS-0017,BMS export,bms,2.91,8.9,,,,,,,,,,cond=mS/cm,
RD-01064,6/28/26 0:00,SYS-0014,BMS export,bms,2.87,,,,,,,,,,,cond=mS/cm,
RD-01065,6/28/26 0:00,SYS-0015,BMS export,bms,3.04,,,,,,,,,,,cond=mS/cm,
RD-01066,6/28/26 0:00,SYS-0016,BMS export,bms,2.81,8.7,,,,,,,,,,cond=mS/cm,
RD-01067,6/28/26 0:00,SYS-0017,BMS export,bms,3.0,8.9,,,,,,,,,,cond=mS/cm,
RD-01068,6/29/26 0:00,SYS-0014,BMS export,bms,2.96,8.6,,,,,,,,,,cond=mS/cm,
RD-01069,6/29/26 0:00,SYS-0015,BMS export,bms,2.88,8.8,,,,,,,,,,cond=mS/cm,
RD-01070,6/29/26 0:00,SYS-0016,BMS export,bms,2.98,,,,,,,,,,,cond=mS/cm,
RD-01071,6/29/26 0:00,SYS-0017,BMS export,bms,3.16,9.1,,,,,,,,,,cond=mS/cm,
RD-01072,2026-06-29 09:20,SYS-0033,Kyle Bishop,field,1412.0,10.2,1.0,263.0,,,,0.16,44.0,,,cond=uS/cm;hard=ppm CaCO3;alk=ppm CaCO3;sulfite=ppm,
RD-01073,2026-06-29 10:40,SYS-0032,Kyle Bishop,field,1288.0,10.4,0.9,254.0,,,,0.21,34.0,,,cond=uS/cm;hard=ppm CaCO3;alk=ppm CaCO3;sulfite=ppm,
RD-01074,2026-06-29 11:45,SYS-0003,Jenn Fowler,field,1481.0,8.8,380.0,,206.0,0.54,10.6,,,,10^3,cond=uS/cm;hard=ppm CaCO3;cl=ppm;inhib=ppm,
RD-01075,2026-06-29 12:15,SYS-0002,Jenn Fowler,field,2885.0,11.1,0.9,,,,,0.4,31.0,,,cond=uS/cm;hard=ppm CaCO3;alk=ppm CaCO3;sulfite=ppm,
RD-01076,2026-06-29 13:10,SYS-0004,Jenn Fowler,field,1551.0,8.7,383.0,,181.0,0.33,12.0,,,,10^4,cond=uS/cm;hard=ppm CaCO3;cl=ppm;inhib=ppm,
RD-01077,2026-06-29 13:20,SYS-0001,Jenn Fowler,field,2868.0,11.1,0.5,575.0,,,,0.19,39.0,,,cond=uS/cm;hard=ppm CaCO3;alk=ppm CaCO3;sulfite=ppm,
RD-01078,2026-06-29 14:30,SYS-0005,Jenn Fowler,field,2392.0,9.6,,,,,,0.03,,1173.0,,cond=uS/cm;nitrite=ppm,
RD-01079,2026-06-29 15:00,SYS-0034,Kyle Bishop,field,1368.0,8.4,392.0,,173.0,0.71,8.2,,,,10^2,cond=uS/cm;hard=ppm CaCO3;cl=ppm;inhib=ppm,
RD-01080,6/30/26 0:00,SYS-0014,BMS export,bms,2.8,,,,,,,,,,,cond=mS/cm,
RD-01081,6/30/26 0:00,SYS-0015,BMS export,bms,2.83,,,,,,,,,,,cond=mS/cm,
RD-01082,6/30/26 0:00,SYS-0016,BMS export,bms,2.79,8.6,,,,,,,,,,cond=mS/cm,
RD-01083,6/30/26 0:00,SYS-0017,BMS export,bms,3.12,8.8,,,,,,,,,,cond=mS/cm,
RD-01084,2026-06-30 08:20,SYS-0044,Marcus Webb,field,3119.0,9.4,,,,,252.0,0.13,,,,cond=uS/cm;moly=ppm,
RD-01085,2026-06-30 09:15,SYS-0007,Marcus Webb,field,1492.0,8.9,428.0,,143.0,0.82,10.1,,,,10^3,cond=uS/cm;hard=ppm CaCO3;cl=ppm;inhib=ppm,
RD-01086,2026-06-30 09:50,SYS-0043,Marcus Webb,field,1542.0,8.6,401.0,,137.0,0.41,11.4,,,,,cond=uS/cm;hard=ppm CaCO3;cl=ppm;inhib=ppm,
RD-01087,2026-06-30 10:50,SYS-0008,Marcus Webb,field,2658.0,9.4,,,,,,0.2,,935.0,,cond=uS/cm;nitrite=ppm,
RD-01088,2026-06-30 11:10,SYS-0006,Marcus Webb,field,2937.0,11.1,0.3,562.0,,,,1.05,25.0,,,cond=uS/cm;hard=ppm CaCO3;alk=ppm CaCO3;sulfite=ppm,
RD-01089,7/1/26 0:00,SYS-0014,BMS export,bms,2.94,8.6,,,,,,,,,,cond=mS/cm,
RD-01090,7/1/26 0:00,SYS-0015,BMS export,bms,2.83,8.7,,,,,,,,,,cond=mS/cm,
RD-01091,7/1/26 0:00,SYS-0016,BMS export,bms,2.94,8.7,,,,,,,,,,cond=mS/cm,
RD-01092,7/1/26 0:00,SYS-0017,BMS export,bms,2.77,8.8,,,,,,,,,,cond=mS/cm,
RD-01093,2026-07-01 11:10,SYS-0027,Tomas Rivera,field,3299.0,11.4,0.4,,,,,0.22,24.0,,,cond=uS/cm;hard=ppm CaCO3;alk=ppm CaCO3;sulfite=ppm,
RD-01094,2026-07-01 12:45,SYS-0054,Kyle Bishop,field,3046.0,9.5,,,,,,0.19,,943.0,,cond=uS/cm;nitrite=ppm,
RD-01095,2026-07-01 13:15,SYS-0029,Tomas Rivera,field,2451.0,9.0,,,,,208.0,0.05,,,,cond=uS/cm;moly=ppm,
RD-01096,2026-07-01 13:40,SYS-0028,Tomas Rivera,field,1656.0,8.6,391.0,,194.0,0.5,11.3,,,,10^3,cond=uS/cm;hard=ppm CaCO3;cl=ppm;inhib=ppm,
RD-01097,2026-07-01 14:30,SYS-0053,Kyle Bishop,field,2870.0,11.2,0.5,640.0,,,,0.47,23.0,,,cond=uS/cm;hard=ppm CaCO3;alk=ppm CaCO3;sulfite=ppm,
RD-01098,7/2/26 0:00,SYS-0014,BMS export,bms,2.92,8.9,,,,,,,,,,cond=mS/cm,
RD-01099,7/2/26 0:00,SYS-0015,BMS export,bms,2.97,8.2,,,,,,,,,,cond=mS/cm,
RD-01100,7/2/26 0:00,SYS-0016,BMS export,bms,2.89,,,,,,,,,,,cond=mS/cm,
RD-01101,7/2/26 0:00,SYS-0017,BMS export,bms,2.92,8.7,,,,,,,,,,cond=mS/cm,
RD-01102,2026-07-02 10:50,SYS-0035,Dale Hardy,field,2680.0,11.2,0.5,671.0,,,,0.05,30.0,,,cond=uS/cm;hard=ppm CaCO3;alk=ppm CaCO3;sulfite=ppm,
RD-01103,2026-07-02 11:20,SYS-0014,Jenn Fowler,field,2962.0,8.8,491.0,,233.0,0.61,15.0,,,,10^2,cond=uS/cm;hard=ppm CaCO3;cl=ppm;inhib=ppm,
RD-01104,2026-07-02 13:45,SYS-0015,Jenn Fowler,field,3057.0,8.5,374.0,,259,0.67,14.3,,,,,cond=uS/cm;hard=ppm CaCO3;cl=ppm;inhib=ppm,
RD-01105,2026-07-02 14:10,SYS-0016,Jenn Fowler,field,3013.0,8.8,531.0,,232.0,0.59,11.0,,,,10^3,cond=uS/cm;hard=ppm CaCO3;cl=ppm;inhib=ppm,
RD-01106,2026-07-02 14:50,SYS-0018,Jenn Fowler,field,3330.0,9.3,,,,,241.0,0.13,,,,cond=uS/cm;moly=ppm,
RD-01107,2026-07-02 15:30,SYS-0017,Jenn Fowler,field,2902.0,8.6,400.0,,228.0,0.59,15.6,,,,10^3,cond=uS/cm;hard=ppm CaCO3;cl=ppm;inhib=ppm,
RD-01108,7/3/26 0:00,SYS-0014,BMS export,bms,2.72,8.6,,,,,,,,,,cond=mS/cm,
RD-01109,7/3/26 0:00,SYS-0015,BMS export,bms,2.93,8.8,,,,,,,,,,cond=mS/cm,
RD-01110,7/3/26 0:00,SYS-0016,BMS export,bms,2.96,8.7,,,,,,,,,,cond=mS/cm,
RD-01111,7/3/26 0:00,SYS-0017,BMS export,bms,2.97,8.7,,,,,,,,,,cond=mS/cm,
RD-01112,2026-07-03 08:50,SYS-0013,Kyle Bishop,field,2857.0,9.3,,,,,276.0,0.37,,,,cond=uS/cm;moly=ppm,
RD-01113,2026-07-03 10:10,SYS-0042,Jenn Fowler,field,1636,8.4,576.0,,79.0,0.53,9.8,,,,,cond=uS/cm;hard=ppm CaCO3;cl=ppm;inhib=ppm,
RD-01114,2026-07-03 11:50,SYS-0012,Kyle Bishop,field,1525.0,7.9,430.0,,169.0,0.64,8.9,,,,,cond=uS/cm;hard=ppm CaCO3;cl=ppm;inhib=ppm,
RD-01115,2026-07-03 12:45,SYS-0041,Jenn Fowler,field,2572.0,10.9,0,661.0,,,,0.29,29.0,,,cond=uS/cm;hard=ppm CaCO3;alk=ppm CaCO3;sulfite=ppm,
RD-01116,2026-07-03 14:40,SYS-0011,Kyle Bishop,field,2712.0,11.1,0.6,,,,,0.36,30.0,,,cond=uS/cm;hard=ppm CaCO3;alk=ppm CaCO3;sulfite=ppm,
RD-01117,7/4/26 0:00,SYS-0014,BMS export,bms,2.87,,,,,,,,,,,cond=mS/cm,
RD-01118,7/4/26 0:00,SYS-0015,BMS export,bms,2.83,8.5,,,,,,,,,,cond=mS/cm,
RD-01119,7/4/26 0:00,SYS-0016,BMS export,bms,2.95,8.7,,,,,,,,,,cond=mS/cm,
RD-01120,7/4/26 0:00,SYS-0017,BMS export,bms,2.87,,,,,,,,,,,cond=mS/cm,
RD-01121,7/5/26 0:00,SYS-0014,BMS export,bms,2.78,8.7,,,,,,,,,,cond=mS/cm,
RD-01122,7/5/26 0:00,SYS-0015,BMS export,bms,2.85,8.6,,,,,,,,,,cond=mS/cm,
RD-01123,7/5/26 0:00,SYS-0016,BMS export,bms,2.9,,,,,,,,,,,cond=mS/cm,
RD-01124,7/5/26 0:00,SYS-0017,BMS export,bms,3.02,8.9,,,,,,,,,,cond=mS/cm,
RD-01125,7/6/26 0:00,SYS-0014,BMS export,bms,2.76,8.8,,,,,,,,,,cond=mS/cm,
RD-01126,7/6/26 0:00,SYS-0015,BMS export,bms,2.94,8.6,,,,,,,,,,cond=mS/cm,
RD-01127,7/6/26 0:00,SYS-0016,BMS export,bms,2.86,8.7,,,,,,,,,,cond=mS/cm,
RD-01128,7/6/26 0:00,SYS-0017,BMS export,bms,3.12,9.0,,,,,,,,,,cond=mS/cm,
RD-01129,2026-07-06 08:15,SYS-0005,Jenn Fowler,field,2885.0,9.3,,,,,,0.23,,982.0,,cond=uS/cm;nitrite=ppm,
RD-01130,2026-07-06 09:15,SYS-0022,Dale Hardy,field,2559.0,11.3,0.6,,,,,0.23,8,,,cond=uS/cm;hard=ppm CaCO3;alk=ppm CaCO3;sulfite=ppm,
RD-01131,2026-07-06 10:15,SYS-0040,Dale Hardy,field,2866.0,11.2,0.4,,,,,0.16,20.0,,,cond=uS/cm;hard=ppm CaCO3;alk=ppm CaCO3;sulfite=ppm,
RD-01132,2026-07-06 11:50,SYS-0004,Jenn Fowler,field,1620.0,8.4,406.0,,193.0,0.28,10.9,,,,10^4,cond=uS/cm;hard=ppm CaCO3;cl=ppm;inhib=ppm,
RD-01133,2026-07-06 12:40,SYS-0002,Jenn Fowler,field,2663.0,11.1,1.1,524.0,,,,0.36,29.0,,,cond=uS/cm;hard=ppm CaCO3;alk=ppm CaCO3;sulfite=ppm,
RD-01134,2026-07-06 14:10,SYS-0003,Jenn Fowler,field,1428.0,8.8,343.0,,144.0,0.54,10.6,,,,10^3,cond=uS/cm;hard=ppm CaCO3;cl=ppm;inhib=ppm,
RD-01135,2026-07-06 14:15,SYS-0001,Jenn Fowler,field,2911.0,10.9,0,,,,,0.32,29.0,,,cond=uS/cm;hard=ppm CaCO3;alk=ppm CaCO3;sulfite=ppm,
RD-01136,7/7/26 0:00,SYS-0014,BMS export,bms,2.77,8.9,,,,,,,,,,cond=mS/cm,
RD-01137,7/7/26 0:00,SYS-0015,BMS export,bms,3.0,,,,,,,,,,,cond=mS/cm,
RD-01138,7/7/26 0:00,SYS-0016,BMS export,bms,2.89,,,,,,,,,,,cond=mS/cm,
RD-01139,7/7/26 0:00,SYS-0017,BMS export,bms,3.0,,,,,,,,,,,cond=mS/cm,
RD-01140,2026-07-07 08:20,SYS-0009,Marcus Webb,field,2523.0,11.1,1.0,,,,,0.23,33.0,,,cond=uS/cm;hard=ppm CaCO3;alk=ppm CaCO3;sulfite=ppm,
RD-01141,2026-07-07 08:30,SYS-0006,Marcus Webb,field,2854.0,10.9,0.9,719.0,,,,1.15,22.0,,,cond=uS/cm;hard=ppm CaCO3;alk=ppm CaCO3;sulfite=ppm,
RD-01142,2026-07-07 08:45,SYS-0008,Marcus Webb,field,2380.0,9.7,,,,,,0.21,,979.0,,cond=uS/cm;nitrite=ppm,
RD-01143,2026-07-07 15:15,SYS-0007,Marcus Webb,field,1619.0,8.8,370.0,,93.0,0.67,12.8,,,,10^2,cond=uS/cm;hard=ppm CaCO3;cl=ppm;inhib=ppm,
RD-01144,2026-07-07 15:45,SYS-0010,Marcus Webb,field,1617.0,8.5,495.0,,129.0,0.54,8.6,,,,10^2,cond=uS/cm;hard=ppm CaCO3;cl=ppm;inhib=ppm,
RD-01145,7/8/26 0:00,SYS-0014,BMS export,bms,2.96,8.6,,,,,,,,,,cond=mS/cm,
RD-01146,7/8/26 0:00,SYS-0015,BMS export,bms,2.88,,,,,,,,,,,cond=mS/cm,
RD-01147,7/8/26 0:00,SYS-0016,BMS export,bms,2.91,8.6,,,,,,,,,,cond=mS/cm,
RD-01148,7/8/26 0:00,SYS-0017,BMS export,bms,2.96,,,,,,,,,,,cond=mS/cm,
RD-01149,2026-07-08 09:15,SYS-0022,Dale Hardy,field,3070.0,11.0,0.8,722.0,,,,0.46,30,,,cond=uS/cm;hard=ppm CaCO3;alk=ppm CaCO3;sulfite=ppm,
RD-01150,2026-07-08 10:20,SYS-0028,Tomas Rivera,field,1320.0,8.5,384.0,,163.0,0.77,10.0,,,,10^3,cond=uS/cm;hard=ppm CaCO3;cl=ppm;inhib=ppm,
RD-01151,2026-07-08 10:30,SYS-0036,Tomas Rivera,field,2794.0,11.3,0.9,546.0,,,,0.29,32.0,,,cond=uS/cm;hard=ppm CaCO3;alk=ppm CaCO3;sulfite=ppm,
RD-01152,2026-07-08 11:15,SYS-0029,Tomas Rivera,field,2280.0,9.4,,,,,213.0,0.26,,,,cond=uS/cm;moly=ppm,
RD-01153,2026-07-08 11:20,SYS-0021,Marcus Webb,field,2616.0,11.4,1.0,627.0,,,,0.16,23.0,,,cond=uS/cm;hard=ppm CaCO3;alk=ppm CaCO3;sulfite=ppm,
RD-01154,2026-07-08 11:50,SYS-0019,Marcus Webb,field,2803.0,9.7,,,,,,1.05,,510,,cond=uS/cm;nitrite=ppm,Sample drawn before re-dose.
RD-01155,2026-07-08 12:00,SYS-0020,Marcus Webb,field,1393.0,8.5,425.0,,202.0,0.7,10.8,,,,10^2,cond=uS/cm;hard=ppm CaCO3;cl=ppm;inhib=ppm,
RD-01156,2026-07-08 12:00,SYS-0037,Tomas Rivera,field,2911.0,10.8,0.7,615.0,,,,0.36,29.0,,,cond=uS/cm;hard=ppm CaCO3;alk=ppm CaCO3;sulfite=ppm,
RD-01157,2026-07-08 12:30,SYS-0027,Tomas Rivera,field,3095.0,11.2,1.1,651.0,,,,0.47,25.0,,,cond=uS/cm;hard=ppm CaCO3;alk=ppm CaCO3;sulfite=ppm,
RD-01158,2026-07-08 15:40,SYS-0039,Tomas Rivera,field,2668.0,9.6,,,,,,0.2,,924.0,,cond=uS/cm;nitrite=ppm,
RD-01159,2026-07-08 15:50,SYS-0038,Tomas Rivera,field,1506.0,8.5,449.0,,196.0,0.75,13.9,,,,10^3,cond=uS/cm;hard=ppm CaCO3;cl=ppm;inhib=ppm,
RD-01160,7/9/26 0:00,SYS-0014,BMS export,bms,2.88,8.8,,,,,,,,,,cond=mS/cm,
RD-01161,7/9/26 0:00,SYS-0015,BMS export,bms,2.69,8.9,,,,,,,,,,cond=mS/cm,
RD-01162,7/9/26 0:00,SYS-0016,BMS export,bms,2.98,,,,,,,,,,,cond=mS/cm,
RD-01163,7/9/26 0:00,SYS-0017,BMS export,bms,2.9,,,,,,,,,,,cond=mS/cm,
RD-01164,2026-07-09 10:45,SYS-0014,Jenn Fowler,field,2783.0,8.7,275.0,,232.0,0.62,13.9,,,,,cond=uS/cm;hard=ppm CaCO3;cl=ppm;inhib=ppm,
RD-01165,2026-07-09 11:00,SYS-0015,Jenn Fowler,field,2980.0,7.9,294.0,,248,0.45,12.6,,,,10^2,cond=uS/cm;hard=ppm CaCO3;cl=ppm;inhib=ppm,
RD-01166,2026-07-09 11:50,SYS-0025,Dale Hardy,field,2708.0,11.3,0.6,627.0,,,,0.16,27.0,,,cond=uS/cm;hard=ppm CaCO3;alk=ppm CaCO3;sulfite=ppm,
RD-01167,2026-07-09 13:15,SYS-0016,Jenn Fowler,field,3239.0,8.6,421.0,,178.0,0.51,15.7,,,,,cond=uS/cm;hard=ppm CaCO3;cl=ppm;inhib=ppm,
RD-01168,2026-07-09 13:50,SYS-0026,Dale Hardy,field,1502.0,8.6,28.9,,263.0,0.81,11.0,,,,,cond=uS/cm;hard=gpg;cl=ppm;inhib=ppm,
RD-01169,2026-07-09 14:20,SYS-0017,Jenn Fowler,field,2808.0,8.8,461.0,,272.0,0.64,13.1,,,,10^2,cond=uS/cm;hard=ppm CaCO3;cl=ppm;inhib=ppm,
RD-01170,2026-07-09 15:10,SYS-0018,Jenn Fowler,field,2199.0,9.7,,,,,275.0,0.14,,,,cond=uS/cm;moly=ppm,
RD-01171,2026-07-09 15:40,SYS-0031,Dale Hardy,field,1602.0,8.9,23.2,,148.0,0.46,13.5,,,,,cond=uS/cm;hard=gpg;cl=ppm;inhib=ppm,
RD-01172,2026-07-09 15:45,SYS-0030,Dale Hardy,field,3122.0,9.5,,,,,,0.34,,1002.0,,cond=uS/cm;nitrite=ppm,
RD-01173,7/10/26 0:00,SYS-0014,BMS export,bms,2.84,,,,,,,,,,,cond=mS/cm,
RD-01174,7/10/26 0:00,SYS-0015,BMS export,bms,3.01,8.8,,,,,,,,,,cond=mS/cm,
RD-01175,7/10/26 0:00,SYS-0016,BMS export,bms,3.07,8.7,,,,,,,,,,cond=mS/cm,
RD-01176,7/10/26 0:00,SYS-0017,BMS export,bms,3.0,,,,,,,,,,,cond=mS/cm,
RD-01177,2026-07-10 10:15,SYS-0013,Kyle Bishop,field,2460.0,9.9,,,,,255.0,0.25,,,,cond=uS/cm;moly=ppm,
RD-01178,2026-07-10 11:15,SYS-0012,Kyle Bishop,field,1408.0,8.3,506.0,,145.0,0.62,8.2,,,,,cond=uS/cm;hard=ppm CaCO3;cl=ppm;inhib=ppm,
RD-01179,2026-07-10 13:30,SYS-0041,Jenn Fowler,field,2741.0,10.8,0.8,,,,,0.33,27.0,,,cond=uS/cm;hard=ppm CaCO3;alk=ppm CaCO3;sulfite=ppm,
RD-01180,2026-07-10 15:10,SYS-0011,Kyle Bishop,field,3045.0,11.0,0.7,617.0,,,,0.39,36.0,,,cond=uS/cm;hard=ppm CaCO3;alk=ppm CaCO3;sulfite=ppm,
RD-01181,2026-07-10 15:15,SYS-0042,Jenn Fowler,field,1641,8.6,409.0,,239.0,0.55,8.9,,,,10^2,cond=uS/cm;hard=ppm CaCO3;cl=ppm;inhib=ppm,
RD-01182,7/11/26 0:00,SYS-0014,BMS export,bms,2.76,8.8,,,,,,,,,,cond=mS/cm,
RD-01183,7/11/26 0:00,SYS-0015,BMS export,bms,2.89,8.6,,,,,,,,,,cond=mS/cm,
RD-01184,7/11/26 0:00,SYS-0016,BMS export,bms,2.99,8.7,,,,,,,,,,cond=mS/cm,
RD-01185,7/11/26 0:00,SYS-0017,BMS export,bms,2.92,8.9,,,,,,,,,,cond=mS/cm,
RD-01186,7/12/26 0:00,SYS-0014,BMS export,bms,2.79,8.8,,,,,,,,,,cond=mS/cm,
RD-01187,7/12/26 0:00,SYS-0015,BMS export,bms,2.81,,,,,,,,,,,cond=mS/cm,
RD-01188,7/12/26 0:00,SYS-0016,BMS export,bms,2.91,,,,,,,,,,,cond=mS/cm,
RD-01189,7/12/26 0:00,SYS-0017,BMS export,bms,2.94,,,,,,,,,,,cond=mS/cm,
RD-01190,7/13/26 0:00,SYS-0014,BMS export,bms,2.81,,,,,,,,,,,cond=mS/cm,
RD-01191,7/13/26 0:00,SYS-0015,BMS export,bms,2.8,8.7,,,,,,,,,,cond=mS/cm,
RD-01192,7/13/26 0:00,SYS-0016,BMS export,bms,2.9,,,,,,,,,,,cond=mS/cm,
RD-01193,7/13/26 0:00,SYS-0017,BMS export,bms,2.86,8.9,,,,,,,,,,cond=mS/cm,
RD-01194,2026-07-13 08:40,SYS-0001,Jenn Fowler,field,2704.0,11.1,0.2,602.0,,,,0.11,33.0,,,cond=uS/cm;hard=ppm CaCO3;alk=ppm CaCO3;sulfite=ppm,
RD-01195,2026-07-13 08:40,SYS-0033,Kyle Bishop,field,1390.0,10.3,0.7,,,,,0.23,57.0,,,cond=uS/cm;hard=ppm CaCO3;alk=ppm CaCO3;sulfite=ppm,
RD-01196,2026-07-13 09:50,SYS-0002,Jenn Fowler,field,3092.0,10.9,0.8,,,,,0.17,29.0,,,cond=uS/cm;hard=ppm CaCO3;alk=ppm CaCO3;sulfite=ppm,
RD-01197,2026-07-13 10:10,SYS-0034,Kyle Bishop,field,1625.0,8.5,434.0,,211.0,0.51,11.4,,,,10^2,cond=uS/cm;hard=ppm CaCO3;cl=ppm;inhib=ppm,
RD-01198,2026-07-13 12:10,SYS-0032,Kyle Bishop,field,1317.0,10.4,0.9,303.0,,,,0.42,34.0,,,cond=uS/cm;hard=ppm CaCO3;alk=ppm CaCO3;sulfite=ppm,
RD-01199,2026-07-13 13:20,SYS-0005,Jenn Fowler,field,3034.0,9.5,,,,,,0.13,,969.0,,cond=uS/cm;nitrite=ppm,
RD-01200,2026-07-13 13:45,SYS-0003,Jenn Fowler,field,1407.0,8.6,441.0,,246.0,0.55,13.9,,,,10^2,cond=uS/cm;hard=ppm CaCO3;cl=ppm;inhib=ppm,
RD-01201,2026-07-13 15:45,SYS-0004,Jenn Fowler,field,1629.0,8.7,434.0,,122.0,0.17,11.0,,,,10^4,cond=uS/cm;hard=ppm CaCO3;cl=ppm;inhib=ppm,
RD-01202,7/14/26 0:00,SYS-0014,BMS export,bms,2706,8.8,,,,,,,,,,cond=uS/cm,
RD-01203,7/14/26 0:00,SYS-0015,BMS export,bms,2889,,,,,,,,,,,cond=uS/cm,
RD-01204,7/14/26 0:00,SYS-0016,BMS export,bms,2887,,,,,,,,,,,cond=uS/cm,
RD-01205,7/14/26 0:00,SYS-0017,BMS export,bms,3063,8.9,,,,,,,,,,cond=uS/cm,
RD-01206,2026-07-14 08:10,SYS-0044,Marcus Webb,field,2738.0,8.7,,,,,279.0,0.13,,,,cond=uS/cm;moly=ppm,
RD-01207,2026-07-14 10:00,BONF-CLF-B1,Central Analytical,lab,2.65,11.03,0.7,635,192,,,0.36,,,,cond=mS/cm;hard=ppm CaCO3;alk=ppm CaCO3;cl=ppm,Certified lab analysis.
RD-01208,2026-07-14 10:00,BONF-OGD-B2,Central Analytical,lab,2.83,11.09,0.3,582,63,,,0.51,,,,cond=mS/cm;hard=ppm CaCO3;alk=ppm CaCO3;cl=ppm,Certified lab analysis.
RD-01209,2026-07-14 10:00,CLPK-B1,Central Analytical,lab,3.07,11.12,0.6,656,175,,,0.4,,,,cond=mS/cm;hard=ppm CaCO3;alk=ppm CaCO3;cl=ppm,Certified lab analysis.
RD-01210,2026-07-14 10:00,MRMC-B1,Central Analytical,lab,2.99,11.03,0.7,615,271,,,0.55,,,,cond=mS/cm;hard=ppm CaCO3;alk=ppm CaCO3;cl=ppm,Certified lab analysis.
RD-01211,2026-07-14 10:00,SALT-HP1,Central Analytical,lab,1.27,10.4,0.6,394,112,,,0.26,,,,cond=mS/cm;hard=ppm CaCO3;alk=ppm CaCO3;cl=ppm,Certified lab analysis.
RD-01212,2026-07-14 10:00,SALT-HP2,Central Analytical,lab,1.59,10.14,0.1,356,150,,,0.17,,,,cond=mS/cm;hard=ppm CaCO3;alk=ppm CaCO3;cl=ppm,Certified lab analysis.
RD-01213,2026-07-14 11:30,SYS-0008,Marcus Webb,field,2861.0,9.3,,,,,,0.08,,940.0,,cond=uS/cm;nitrite=ppm,
RD-01214,2026-07-14 11:45,SYS-0045,Marcus Webb,field,,,0.3,,,,,,,,,hard=ppm CaCO3,
RD-01215,2026-07-14 12:10,SYS-0043,Marcus Webb,field,1605.0,8.2,332.0,,211.0,0.72,11.2,,,,10^3,cond=uS/cm;hard=ppm CaCO3;cl=ppm;inhib=ppm,
RD-01216,2026-07-14 14:45,SYS-0007,Marcus Webb,field,1363.0,8.5,381.0,,226.0,0.82,10.8,,,,,cond=uS/cm;hard=ppm CaCO3;cl=ppm;inhib=ppm,
RD-01217,2026-07-14 15:30,SYS-0051,Dale Hardy,field,3018.0,11.1,0.5,645.0,,,,0.46,35.0,,,cond=uS/cm;hard=ppm CaCO3;alk=ppm CaCO3;sulfite=ppm,
RD-01218,2026-07-14 15:45,SYS-0006,Marcus Webb,field,3051.0,11.0,0.5,,,,,1.11,29.0,,,cond=uS/cm;hard=ppm CaCO3;alk=ppm CaCO3;sulfite=ppm,
RD-01219,7/15/26 0:00,SYS-0014,BMS export,bms,2940,8.5,,,,,,,,,,cond=uS/cm,
RD-01220,7/15/26 0:00,SYS-0015,BMS export,bms,2771,,,,,,,,,,,cond=uS/cm,
RD-01221,7/15/26 0:00,SYS-0016,BMS export,bms,2988,,,,,,,,,,,cond=uS/cm,
RD-01222,7/15/26 0:00,SYS-0017,BMS export,bms,3003,9.0,,,,,,,,,,cond=uS/cm,
RD-01223,2026-07-15 08:20,SYS-0027,Tomas Rivera,field,2785.0,11.1,0.8,816.0,,,,0.42,31.0,,,cond=uS/cm;hard=ppm CaCO3;alk=ppm CaCO3;sulfite=ppm,
RD-01224,2026-07-15 13:40,SYS-0028,Tomas Rivera,field,1474.0,8.3,388.0,,136.0,0.68,10.2,,,,10^3,cond=uS/cm;hard=ppm CaCO3;cl=ppm;inhib=ppm,
RD-01225,2026-07-15 15:40,SYS-0029,Tomas Rivera,field,2769.0,9.2,,,,,259.0,0.15,,,,cond=uS/cm;moly=ppm,
RD-01226,7/16/26 0:00,SYS-0014,BMS export,bms,2967,8.6,,,,,,,,,,cond=uS/cm,
RD-01227,7/16/26 0:00,SYS-0015,BMS export,bms,2908,8.4,,,,,,,,,,cond=uS/cm,
RD-01228,7/16/26 0:00,SYS-0016,BMS export,bms,2981,8.7,,,,,,,,,,cond=uS/cm,
RD-01229,7/16/26 0:00,SYS-0017,BMS export,bms,2998,,,,,,,,,,,cond=uS/cm,
RD-01230,2026-07-16 09:10,SYS-0016,Jenn Fowler,field,3144.0,9.0,404.0,,190.0,0.58,14.8,,,,10^2,cond=uS/cm;hard=ppm CaCO3;cl=ppm;inhib=ppm,
RD-01231,2026-07-16 10:10,SYS-0014,Jenn Fowler,field,3172.0,8.4,479.0,,256.0,0.76,16.2,,,,10^3,cond=uS/cm;hard=ppm CaCO3;cl=ppm;inhib=ppm,
RD-01232,2026-07-16 10:15,SYS-0015,Jenn Fowler,field,2765.0,8.8,375.0,,276,0.55,15.0,,,,,cond=uS/cm;hard=ppm CaCO3;cl=ppm;inhib=ppm,
RD-01233,2026-07-16 12:40,SYS-0018,Jenn Fowler,field,2956.0,9.9,,,,,235.0,0.17,,,,cond=uS/cm;moly=ppm,
RD-01234,2026-07-16 14:10,SYS-0017,Jenn Fowler,field,2861.0,8.7,446.0,,192.0,0.64,14.9,,,,10^3,cond=uS/cm;hard=ppm CaCO3;cl=ppm;inhib=ppm,
RD-01235,2026-07-16 14:10,SYS-0046,Dale Hardy,field,3166.0,11.1,0.5,,,,,0.28,24.0,,,cond=uS/cm;hard=ppm CaCO3;alk=ppm CaCO3;sulfite=ppm,
RD-01236,7/17/26 0:00,SYS-0014,BMS export,bms,2786,,,,,,,,,,,cond=uS/cm,
RD-01237,7/17/26 0:00,SYS-0015,BMS export,bms,2896,8.7,,,,,,,,,,cond=uS/cm,
RD-01238,7/17/26 0:00,SYS-0016,BMS export,bms,2984,8.6,,,,,,,,,,cond=uS/cm,
RD-01239,7/17/26 0:00,SYS-0017,BMS export,bms,2972,,,,,,,,,,,cond=uS/cm,
RD-01240,2026-07-17 08:50,SYS-0042,Jenn Fowler,field,1729,8.6,421.0,,134.0,0.67,14.2,,,,,cond=uS/cm;hard=ppm CaCO3;cl=ppm;inhib=ppm,
RD-01241,2026-07-17 14:20,SYS-0041,Jenn Fowler,field,2551.0,10.9,0.7,561.0,,,,0.18,36.0,,,cond=uS/cm;hard=ppm CaCO3;alk=ppm CaCO3;sulfite=ppm,
RD-01242,7/18/26 0:00,SYS-0014,BMS export,bms,2753,,,,,,,,,,,cond=uS/cm,
RD-01243,7/18/26 0:00,SYS-0015,BMS export,bms,2927,8.8,,,,,,,,,,cond=uS/cm,
RD-01244,7/18/26 0:00,SYS-0016,BMS export,bms,2938,8.5,,,,,,,,,,cond=uS/cm,
RD-01245,7/18/26 0:00,SYS-0017,BMS export,bms,2993,8.5,,,,,,,,,,cond=uS/cm,
RD-01246,7/19/26 0:00,SYS-0014,BMS export,bms,2706,9.0,,,,,,,,,,cond=uS/cm,
RD-01247,7/19/26 0:00,SYS-0015,BMS export,bms,2811,8.8,,,,,,,,,,cond=uS/cm,
RD-01248,7/19/26 0:00,SYS-0016,BMS export,bms,3051,8.5,,,,,,,,,,cond=uS/cm,
RD-01249,7/19/26 0:00,SYS-0017,BMS export,bms,3098,8.6,,,,,,,,,,cond=uS/cm,
RD-01250,7/20/26 0:00,SYS-0014,BMS export,bms,2952,8.9,,,,,,,,,,cond=uS/cm,
RD-01251,7/20/26 0:00,SYS-0015,BMS export,bms,2888,,,,,,,,,,,cond=uS/cm,
RD-01252,7/20/26 0:00,SYS-0016,BMS export,bms,2932,9.0,,,,,,,,,,cond=uS/cm,
RD-01253,7/20/26 0:00,SYS-0017,BMS export,bms,2901,,,,,,,,,,,cond=uS/cm,
RD-01254,2026-07-20 08:00,SYS-0003,Jenn Fowler,field,1705.0,8.5,378.0,,161.0,0.61,11.1,,,,10^2,cond=uS/cm;hard=ppm CaCO3;cl=ppm;inhib=ppm,
RD-01255,2026-07-20 08:40,SYS-0002,Jenn Fowler,field,2882.0,10.8,0.5,865.0,,,,0.05,33.0,,,cond=uS/cm;hard=ppm CaCO3;alk=ppm CaCO3;sulfite=ppm,
RD-01256,2026-07-20 10:10,SYS-0040,Dale Hardy,field,3119.0,11.1,0.6,634.0,,,,0.46,25.0,,,cond=uS/cm;hard=ppm CaCO3;alk=ppm CaCO3;sulfite=ppm,
RD-01257,2026-07-20 10:15,SYS-0001,Jenn Fowler,field,2690.0,11.2,1.0,,,,,0.35,24.0,,,cond=uS/cm;hard=ppm CaCO3;alk=ppm CaCO3;sulfite=ppm,
RD-01258,2026-07-20 13:00,SYS-0005,Jenn Fowler,field,2315.0,9.3,,,,,,0.23,,1017.0,,cond=uS/cm;nitrite=ppm,
RD-01259,2026-07-20 14:40,SYS-0004,Jenn Fowler,field,1656.0,8.7,391.0,,148.0,0.33,10.4,,,,10^4,cond=uS/cm;hard=ppm CaCO3;cl=ppm;inhib=ppm,
RD-01260,7/21/26 0:00,SYS-0014,BMS export,bms,2915,,,,,,,,,,,cond=uS/cm,
RD-01261,7/21/26 0:00,SYS-0015,BMS export,bms,2950,8.6,,,,,,,,,,cond=uS/cm,
RD-01262,7/21/26 0:00,SYS-0016,BMS export,bms,2845,8.8,,,,,,,,,,cond=uS/cm,
RD-01263,7/21/26 0:00,SYS-0017,BMS export,bms,3023,8.6,,,,,,,,,,cond=uS/cm,
RD-01264,2026-07-21 08:15,SYS-0048,Jenn Fowler,field,1426.0,8.7,535.0,,174.0,0.58,11.7,,,,10^2,cond=uS/cm;hard=ppm CaCO3;cl=ppm;inhib=ppm,
RD-01265,2026-07-21 10:00,SYS-0008,Marcus Webb,field,2640.0,9.7,,,,,,0.18,,955.0,,cond=uS/cm;nitrite=ppm,
RD-01266,2026-07-21 10:20,SYS-0010,Marcus Webb,field,1430.0,8.7,495.0,,111.0,0.78,9.7,,,,10^2,cond=uS/cm;hard=ppm CaCO3;cl=ppm;inhib=ppm,
RD-01267,2026-07-21 10:45,SYS-0047,Jenn Fowler,field,2986.0,11.3,0.7,726.0,,,,0.28,23.0,,,cond=uS/cm;hard=ppm CaCO3;alk=ppm CaCO3;sulfite=ppm,
RD-01268,2026-07-21 11:50,SYS-0007,Marcus Webb,field,1528.0,8.9,391.0,,149.0,0.89,10.6,,,,10^2,cond=uS/cm;hard=ppm CaCO3;cl=ppm;inhib=ppm,
RD-01269,2026-07-21 12:40,SYS-0006,Marcus Webb,field,2813.0,11.1,0.8,598.0,,,,1.19,29.0,,,cond=uS/cm;hard=ppm CaCO3;alk=ppm CaCO3;sulfite=ppm,
RD-01270,2026-07-21 14:40,SYS-0009,Marcus Webb,field,2615.0,11.0,0.1,661.0,,,,0.12,25.0,,,cond=uS/cm;hard=ppm CaCO3;alk=ppm CaCO3;sulfite=ppm,
RD-01271,7/22/26 0:00,SYS-0014,BMS export,bms,2815,,,,,,,,,,,cond=uS/cm,
RD-01272,7/22/26 0:00,SYS-0015,BMS export,bms,2868,,,,,,,,,,,cond=uS/cm,
RD-01273,7/22/26 0:00,SYS-0016,BMS export,bms,2955,,,,,,,,,,,cond=uS/cm,
RD-01274,7/22/26 0:00,SYS-0017,BMS export,bms,3077,8.7,,,,,,,,,,cond=uS/cm,
RD-01275,2026-07-22 09:40,SYS-0019,Marcus Webb,field,2289.0,9.3,,,,,,1.08,,470,,cond=uS/cm;nitrite=ppm,Sample drawn before re-dose.
RD-01276,2026-07-22 10:10,SYS-0029,Tomas Rivera,field,2538.0,9.3,,,,,257.0,0.32,,,,cond=uS/cm;moly=ppm,
RD-01277,2026-07-22 10:30,SYS-0037,Tomas Rivera,field,2305.0,11.0,0.6,649.0,,,,0.53,31.0,,,cond=uS/cm;hard=ppm CaCO3;alk=ppm CaCO3;sulfite=ppm,
RD-01278,2026-07-22 11:15,SYS-0021,Marcus Webb,field,3076.0,11.0,1.3,593.0,,,,0.37,37.0,,,cond=uS/cm;hard=ppm CaCO3;alk=ppm CaCO3;sulfite=ppm,
RD-01279,2026-07-22 11:50,SYS-0049,Tomas Rivera,field,968,8.7,352.0,,148.0,0.59,12.2,,,,10^3,cond=uS/cm;hard=ppm CaCO3;cl=ppm;inhib=ppm,"Heavy rain previous 48h, tower diluted."
RD-01280,2026-07-22 12:00,SYS-0050,Tomas Rivera,field,1104,9.0,402.0,,154.0,0.58,11.4,,,,10^3,cond=uS/cm;hard=ppm CaCO3;cl=ppm;inhib=ppm,"Heavy rain previous 48h, tower diluted."
RD-01281,2026-07-22 13:10,SYS-0020,Marcus Webb,field,1541.0,8.7,403.0,,176.0,0.65,9.6,,,,10^3,cond=uS/cm;hard=ppm CaCO3;cl=ppm;inhib=ppm,
RD-01282,2026-07-22 13:30,SYS-0028,Tomas Rivera,field,1486.0,8.6,420.0,,75.0,0.41,10.1,,,,,cond=uS/cm;hard=ppm CaCO3;cl=ppm;inhib=ppm,
RD-01283,2026-07-22 13:30,SYS-0036,Tomas Rivera,field,3054.0,11.1,0.3,613.0,,,,0.24,22.0,,,cond=uS/cm;hard=ppm CaCO3;alk=ppm CaCO3;sulfite=ppm,
RD-01284,2026-07-22 14:30,SYS-0038,Tomas Rivera,field,1014,8.8,474.0,,184.0,0.75,12.7,,,,10^3,cond=uS/cm;hard=ppm CaCO3;cl=ppm;inhib=ppm,"Heavy rain previous 48h, tower diluted."
RD-01285,2026-07-22 15:00,SYS-0039,Tomas Rivera,field,3082.0,9.7,,,,,,0.21,,928.0,,cond=uS/cm;nitrite=ppm,
RD-01286,2026-07-22 15:10,SYS-0027,Tomas Rivera,field,2508.0,11.4,1.0,795.0,,,,0.28,28.0,,,cond=uS/cm;hard=ppm CaCO3;alk=ppm CaCO3;sulfite=ppm,
RD-01287,7/23/26 0:00,SYS-0014,BMS export,bms,2846,8.8,,,,,,,,,,cond=uS/cm,
RD-01288,7/23/26 0:00,SYS-0015,BMS export,bms,2934,8.6,,,,,,,,,,cond=uS/cm,
RD-01289,7/23/26 0:00,SYS-0016,BMS export,bms,3075,,,,,,,,,,,cond=uS/cm,
RD-01290,7/23/26 0:00,SYS-0017,BMS export,bms,2941,8.7,,,,,,,,,,cond=uS/cm,
RD-01291,2026-07-23 09:50,SYS-0018,Jenn Fowler,field,2799.0,9.8,,,,,275.0,0.02,,,,cond=uS/cm;moly=ppm,
RD-01292,2026-07-23 11:15,SYS-0016,Jenn Fowler,field,2812.0,8.5,334.0,,262.0,0.54,19.0,,,,,cond=uS/cm;hard=ppm CaCO3;cl=ppm;inhib=ppm,
RD-01293,2026-07-23 13:20,SYS-0014,Jenn Fowler,field,2896.0,8.7,318.0,,206.0,0.66,14.4,,,,10^2,cond=uS/cm;hard=ppm CaCO3;cl=ppm;inhib=ppm,
RD-01294,2026-07-23 13:20,SYS-0026,Dale Hardy,field,1523.0,8.7,24.2,,194.0,0.46,12.6,,,,10^3,cond=uS/cm;hard=gpg;cl=ppm;inhib=ppm,
RD-01295,2026-07-23 14:00,SYS-0025,Dale Hardy,field,2520.0,11.0,0.8,,,,,0.31,39.0,,,cond=uS/cm;hard=ppm CaCO3;alk=ppm CaCO3;sulfite=ppm,
RD-01296,2026-07-23 14:20,SYS-0015,Jenn Fowler,field,2975.0,8.9,497.0,,266,0.6,14.6,,,,,cond=uS/cm;hard=ppm CaCO3;cl=ppm;inhib=ppm,
RD-01297,2026-07-23 15:40,SYS-0017,Jenn Fowler,field,2890.0,8.7,422.0,,189.0,0.57,15.8,,,,10^3,cond=uS/cm;hard=ppm CaCO3;cl=ppm;inhib=ppm,
RD-01298,7/24/26 0:00,SYS-0014,BMS export,bms,2689,8.8,,,,,,,,,,cond=uS/cm,
RD-01299,7/24/26 0:00,SYS-0015,BMS export,bms,2939,8.5,,,,,,,,,,cond=uS/cm,
RD-01300,7/24/26 0:00,SYS-0016,BMS export,bms,2940,8.6,,,,,,,,,,cond=uS/cm,
RD-01301,7/24/26 0:00,SYS-0017,BMS export,bms,2944,,,,,,,,,,,cond=uS/cm,
RD-01302,2026-07-24 11:30,SYS-0042,Jenn Fowler,field,1799,8.5,452.0,,226.0,0.55,12.1,,,,10^2,cond=uS/cm;hard=ppm CaCO3;cl=ppm;inhib=ppm,
RD-01303,2026-07-24 14:00,SYS-0041,Jenn Fowler,field,2881.0,11.1,1.1,564.0,,,,0.34,25.0,,,cond=uS/cm;hard=ppm CaCO3;alk=ppm CaCO3;sulfite=ppm,
RD-01304,7/25/26 0:00,SYS-0014,BMS export,bms,2825,8.7,,,,,,,,,,cond=uS/cm,
RD-01305,7/25/26 0:00,SYS-0015,BMS export,bms,2866,,,,,,,,,,,cond=uS/cm,
RD-01306,7/25/26 0:00,SYS-0016,BMS export,bms,2967,,,,,,,,,,,cond=uS/cm,
RD-01307,7/25/26 0:00,SYS-0017,BMS export,bms,2885,,,,,,,,,,,cond=uS/cm,
RD-01308,7/26/26 0:00,SYS-0014,BMS export,bms,2721,8.7,,,,,,,,,,cond=uS/cm,
RD-01309,7/26/26 0:00,SYS-0015,BMS export,bms,2893,8.5,,,,,,,,,,cond=uS/cm,
RD-01310,7/26/26 0:00,SYS-0016,BMS export,bms,2752,,,,,,,,,,,cond=uS/cm,
RD-01311,7/26/26 0:00,SYS-0017,BMS export,bms,2926,8.3,,,,,,,,,,cond=uS/cm,
RD-01312,7/27/26 0:00,SYS-0014,BMS export,bms,2845,,,,,,,,,,,cond=uS/cm,
RD-01313,7/27/26 0:00,SYS-0015,BMS export,bms,2971,,,,,,,,,,,cond=uS/cm,
RD-01314,7/27/26 0:00,SYS-0016,BMS export,bms,2834,,,,,,,,,,,cond=uS/cm,
RD-01315,7/27/26 0:00,SYS-0017,BMS export,bms,2936,,,,,,,,,,,cond=uS/cm,
RD-01316,2026-07-27 08:45,SYS-0033,Marcus Webb,field,1283.0,10.4,1.3,383.0,,,,0.33,40.0,,,cond=uS/cm;hard=ppm CaCO3;alk=ppm CaCO3;sulfite=ppm,
RD-01317,2026-07-27 08:50,SYS-0001,Jenn Fowler,field,2963.0,11.4,1.0,629.0,,,,0.44,29.0,,,cond=uS/cm;hard=ppm CaCO3;alk=ppm CaCO3;sulfite=ppm,
RD-01318,2026-07-27 09:20,SYS-0005,Jenn Fowler,field,3029.0,9.1,,,,,,0.16,,1009.0,,cond=uS/cm;nitrite=ppm,
RD-01319,2026-07-27 10:10,SYS-0002,Jenn Fowler,field,2812.0,11.2,0.9,768.0,,,,0.2,25.0,,,cond=uS/cm;hard=ppm CaCO3;alk=ppm CaCO3;sulfite=ppm,
RD-01320,2026-07-27 11:50,SYS-0034,Marcus Webb,field,1657.0,8.5,471.0,,230.0,0.76,9.1,,,,,cond=uS/cm;hard=ppm CaCO3;cl=ppm;inhib=ppm,
RD-01321,2026-07-27 13:00,SYS-0004,Jenn Fowler,field,1372.0,8.7,536.0,,136.0,0.39,9.5,,,,10^5,cond=uS/cm;hard=ppm CaCO3;cl=ppm;inhib=ppm,
RD-01322,2026-07-27 13:00,SYS-0032,Marcus Webb,field,1417.0,9.9,0.8,,,,,0.24,37.0,,,cond=uS/cm;hard=ppm CaCO3;alk=ppm CaCO3;sulfite=ppm,
RD-01323,2026-07-27 13:45,SYS-0003,Jenn Fowler,field,1643.0,8.6,453.0,,170.0,0.54,11.9,,,,10^2,cond=uS/cm;hard=ppm CaCO3;cl=ppm;inhib=ppm,
RD-01324,7/28/26 0:00,SYS-0014,BMS export,bms,2939,8.9,,,,,,,,,,cond=uS/cm,
RD-01325,7/28/26 0:00,SYS-0015,BMS export,bms,2822,,,,,,,,,,,cond=uS/cm,
RD-01326,7/28/26 0:00,SYS-0016,BMS export,bms,2928,8.6,,,,,,,,,,cond=uS/cm,
RD-01327,7/28/26 0:00,SYS-0017,BMS export,bms,3046,8.6,,,,,,,,,,cond=uS/cm,
RD-01328,2026-07-28 08:45,SYS-0008,Marcus Webb,field,2705.0,9.9,,,,,,0.22,,956.0,,cond=uS/cm;nitrite=ppm,
RD-01329,2026-07-28 09:10,SYS-0006,Marcus Webb,field,3041.0,11.2,0.6,600.0,,,,1.31,24.0,,,cond=uS/cm;hard=ppm CaCO3;alk=ppm CaCO3;sulfite=ppm,
RD-01330,2026-07-28 10:15,SYS-0007,Marcus Webb,field,1541.0,8.5,365.0,,135.0,0.75,14.1,,,,10^3,cond=uS/cm;hard=ppm CaCO3;cl=ppm;inhib=ppm,
RD-01331,2026-07-28 11:20,SYS-0044,Aaron Silva,field,2546.0,9.2,,,,,205,0.2,,,,cond=uS/cm;moly=ppm,
RD-01332,2026-07-28 12:40,SYS-0045,Aaron Silva,field,,,0.5,,,,,,,,,hard=ppm CaCO3,
RD-01333,2026-07-28 15:50,SYS-0043,Aaron Silva,field,1547.0,8.6,510.0,,80.0,0.55,11.3,,,,,cond=uS/cm;hard=ppm CaCO3;cl=ppm;inhib=ppm,
RD-01334,7/29/26 0:00,SYS-0014,BMS export,bms,2905,8.7,,,,,,,,,,cond=uS/cm,
RD-01335,7/29/26 0:00,SYS-0015,BMS export,bms,2934,8.8,,,,,,,,,,cond=uS/cm,
RD-01336,7/29/26 0:00,SYS-0016,BMS export,bms,2794,8.7,,,,,,,,,,cond=uS/cm,
RD-01337,7/29/26 0:00,SYS-0017,BMS export,bms,2920,8.8,,,,,,,,,,cond=uS/cm,
RD-01338,2026-07-29 10:20,SYS-0028,Tomas Rivera,field,1536.0,8.7,513.0,,80.0,0.71,9.2,,,,,cond=uS/cm;hard=ppm CaCO3;cl=ppm;inhib=ppm,
RD-01339,2026-07-29 11:30,SYS-0027,Tomas Rivera,field,2703.0,11.2,1.1,,,,,0.11,28.0,,,cond=uS/cm;hard=ppm CaCO3;alk=ppm CaCO3;sulfite=ppm,
RD-01340,2026-07-29 11:45,SYS-0029,Tomas Rivera,field,3040.0,9.4,,,,,246.0,0.25,,,,cond=uS/cm;moly=ppm,
RD-01341,7/30/26 0:00,SYS-0014,BMS export,bms,2639,,,,,,,,,,,cond=uS/cm,
RD-01342,7/30/26 0:00,SYS-0015,BMS export,bms,2836,,,,,,,,,,,cond=uS/cm,
RD-01343,7/30/26 0:00,SYS-0016,BMS export,bms,2849,,,,,,,,,,,cond=uS/cm,
RD-01344,7/30/26 0:00,SYS-0017,BMS export,bms,2885,,,,,,,,,,,cond=uS/cm,
RD-01345,2026-07-30 09:20,SYS-0018,Jenn Fowler,field,3065.0,9.1,,,,,240.0,0.25,,,,cond=uS/cm;moly=ppm,
RD-01346,2026-07-30 13:15,SYS-0016,Jenn Fowler,field,2856.0,8.4,356.0,,218.0,0.87,16.3,,,,10^2,cond=uS/cm;hard=ppm CaCO3;cl=ppm;inhib=ppm,
RD-01347,2026-07-30 13:40,SYS-0015,Jenn Fowler,field,2918.0,8.4,489.0,,274,0.45,13.1,,,,,cond=uS/cm;hard=ppm CaCO3;cl=ppm;inhib=ppm,
RD-01348,2026-07-30 14:45,SYS-0017,Jenn Fowler,field,2673.0,8.7,293.0,,287.0,0.65,13.6,,,,,cond=uS/cm;hard=ppm CaCO3;cl=ppm;inhib=ppm,
RD-01349,2026-07-30 15:00,SYS-0014,Jenn Fowler,field,2840.0,8.4,425.0,,221.0,0.58,14.2,,,,10^2,cond=uS/cm;hard=ppm CaCO3;cl=ppm;inhib=ppm,
RD-01350,7/31/26 0:00,SYS-0014,BMS export,bms,2855,8.7,,,,,,,,,,cond=uS/cm,
RD-01351,7/31/26 0:00,SYS-0014,BMS export,bms,2855,8.7,,,,,,,,,,cond=uS/cm,
RD-01352,7/31/26 0:00,SYS-0015,BMS export,bms,3082,,,,,,,,,,,cond=uS/cm,
RD-01353,7/31/26 0:00,SYS-0015,BMS export,bms,3082,,,,,,,,,,,cond=uS/cm,
RD-01354,7/31/26 0:00,SYS-0016,BMS export,bms,2883,,,,,,,,,,,cond=uS/cm,
RD-01355,7/31/26 0:00,SYS-0016,BMS export,bms,2883,,,,,,,,,,,cond=uS/cm,
RD-01356,7/31/26 0:00,SYS-0017,BMS export,bms,3090,8.4,,,,,,,,,,cond=uS/cm,
RD-01357,7/31/26 0:00,SYS-0017,BMS export,bms,3090,8.4,,,,,,,,,,cond=uS/cm,
RD-01358,2026-07-31 10:45,SYS-0041,Jenn Fowler,field,2861.0,10.9,0.5,,,,,0.53,28.0,,,cond=uS/cm;hard=ppm CaCO3;alk=ppm CaCO3;sulfite=ppm,
RD-01359,2026-07-31 10:50,SYS-0042,Jenn Fowler,field,1827,8.4,392.0,,156.0,0.77,10.2,,,,10^2,cond=uS/cm;hard=ppm CaCO3;cl=ppm;inhib=ppm,
RD-01360,8/1/26 0:00,SYS-0014,BMS export,bms,2733,,,,,,,,,,,cond=uS/cm,
RD-01361,8/1/26 0:00,SYS-0014,BMS export,bms,2733,,,,,,,,,,,cond=uS/cm,
RD-01362,8/1/26 0:00,SYS-0015,BMS export,bms,2911,,,,,,,,,,,cond=uS/cm,
RD-01363,8/1/26 0:00,SYS-0015,BMS export,bms,2911,,,,,,,,,,,cond=uS/cm,
RD-01364,8/1/26 0:00,SYS-0016,BMS export,bms,2967,8.9,,,,,,,,,,cond=uS/cm,
RD-01365,8/1/26 0:00,SYS-0016,BMS export,bms,2967,8.9,,,,,,,,,,cond=uS/cm,
RD-01366,8/1/26 0:00,SYS-0017,BMS export,bms,2917,,,,,,,,,,,cond=uS/cm,
RD-01367,8/1/26 0:00,SYS-0017,BMS export,bms,2917,,,,,,,,,,,cond=uS/cm,
RD-01368,8/2/26 0:00,SYS-0014,BMS export,bms,2977,8.6,,,,,,,,,,cond=uS/cm,
RD-01369,8/2/26 0:00,SYS-0015,BMS export,bms,2880,8.6,,,,,,,,,,cond=uS/cm,
RD-01370,8/2/26 0:00,SYS-0016,BMS export,bms,2927,,,,,,,,,,,cond=uS/cm,
RD-01371,8/2/26 0:00,SYS-0017,BMS export,bms,3027,,,,,,,,,,,cond=uS/cm,
RD-01372,8/3/26 0:00,SYS-0014,BMS export,bms,2829,8.8,,,,,,,,,,cond=uS/cm,
RD-01373,8/3/26 0:00,SYS-0015,BMS export,bms,2806,,,,,,,,,,,cond=uS/cm,
RD-01374,8/3/26 0:00,SYS-0016,BMS export,bms,3062,8.8,,,,,,,,,,cond=uS/cm,
RD-01375,8/3/26 0:00,SYS-0017,BMS export,bms,2982,,,,,,,,,,,cond=uS/cm,
RD-01376,2026-08-03 09:15,SYS-0040,Dale Hardy,field,2989.0,11.1,1.5,680.0,,,,0.18,31.0,,,cond=uS/cm;hard=ppm CaCO3;alk=ppm CaCO3;sulfite=ppm,
RD-01377,2026-08-03 10:15,SYS-0002,Jenn Fowler,field,3095.0,11.2,0.1,779.0,,,,0.15,32.0,,,cond=uS/cm;hard=ppm CaCO3;alk=ppm CaCO3;sulfite=ppm,
RD-01378,2026-08-03 10:20,SYS-0022,Dale Hardy,field,2927.0,10.9,0.7,625.0,,,,0.26,0,,,cond=uS/cm;hard=ppm CaCO3;alk=ppm CaCO3;sulfite=ppm,
RD-01379,2026-08-03 11:30,SYS-0001,Jenn Fowler,field,2502.0,11.3,0,785.0,,,,0.38,27.0,,,cond=uS/cm;hard=ppm CaCO3;alk=ppm CaCO3;sulfite=ppm,
RD-01380,2026-08-03 11:30,SYS-0003,Jenn Fowler,field,1651.0,8.7,481.0,,206.0,0.61,7.9,,,,10^2,cond=uS/cm;hard=ppm CaCO3;cl=ppm;inhib=ppm,
RD-01381,2026-08-03 13:15,SYS-0005,Jenn Fowler,field,2766.0,9.5,,,,,,0.16,,904.0,,cond=uS/cm;nitrite=ppm,
RD-01382,2026-08-03 14:15,SYS-0004,Jenn Fowler,field,1636.0,8.8,464.0,,91.0,0.05,10.8,,,,10^4,cond=uS/cm;hard=ppm CaCO3;cl=ppm;inhib=ppm,
RD-01383,8/4/26 0:00,SYS-0014,BMS export,bms,2920,8.8,,,,,,,,,,cond=uS/cm,
RD-01384,8/4/26 0:00,SYS-0015,BMS export,bms,2913,8.6,,,,,,,,,,cond=uS/cm,
RD-01385,8/4/26 0:00,SYS-0016,BMS export,bms,2822,,,,,,,,,,,cond=uS/cm,
RD-01386,8/4/26 0:00,SYS-0017,BMS export,bms,2873,8.6,,,,,,,,,,cond=uS/cm,
RD-01387,2026-08-04 08:20,SYS-0007,Marcus Webb,field,1650.0,9.0,419.0,,224.0,0.52,12.0,,,,,cond=uS/cm;hard=ppm CaCO3;cl=ppm;inhib=ppm,
RD-01388,2026-08-04 08:30,SYS-0010,Marcus Webb,field,1533.0,8.3,423.0,,140.0,0.68,12.4,,,,10^3,cond=uS/cm;hard=ppm CaCO3;cl=ppm;inhib=ppm,
RD-01389,2026-08-04 10:20,SYS-0008,Marcus Webb,field,2432.0,9.5,,,,,,0.22,,942.0,,cond=uS/cm;nitrite=ppm,
RD-01390,2026-08-04 11:00,SYS-0009,Marcus Webb,field,2382.0,11.0,0.4,,,,,0.49,26.0,,,cond=uS/cm;hard=ppm CaCO3;alk=ppm CaCO3;sulfite=ppm,
RD-01391,2026-08-04 12:00,SYS-0006,Marcus Webb,field,3080.0,11.2,0.8,658.0,,,,1.24,29.0,,,cond=uS/cm;hard=ppm CaCO3;alk=ppm CaCO3;sulfite=ppm,
RD-01392,8/5/26 0:00,SYS-0014,BMS export,bms,2803,8.8,,,,,,,,,,cond=uS/cm,
RD-01393,8/5/26 0:00,SYS-0015,BMS export,bms,2932,8.7,,,,,,,,,,cond=uS/cm,
RD-01394,8/5/26 0:00,SYS-0016,BMS export,bms,2874,8.6,,,,,,,,,,cond=uS/cm,
RD-01395,8/5/26 0:00,SYS-0017,BMS export,bms,3136,8.7,,,,,,,,,,cond=uS/cm,
RD-01396,2026-08-05 08:10,SYS-0036,Tomas Rivera,field,3276.0,10.8,0.8,,,,,0.27,31.0,,,cond=uS/cm;hard=ppm CaCO3;alk=ppm CaCO3;sulfite=ppm,
RD-01397,2026-08-05 08:40,SYS-0019,Marcus Webb,field,2297.0,9.4,,,,,,1.06,,460,,cond=uS/cm;nitrite=ppm,Sample drawn before re-dose.
RD-01398,2026-08-05 09:00,SYS-0038,Tomas Rivera,field,1575.0,8.6,367.0,,131.0,0.52,10.4,,,,,cond=uS/cm;hard=ppm CaCO3;cl=ppm;inhib=ppm,
RD-01399,2026-08-05 10:40,SYS-0027,Tomas Rivera,field,2802.0,10.9,0.4,556.0,,,,0.38,36.0,,,cond=uS/cm;hard=ppm CaCO3;alk=ppm CaCO3;sulfite=ppm,
RD-01400,2026-08-05 11:40,SYS-0021,Marcus Webb,field,2980.0,11.0,0.8,701.0,,,,0.34,24.0,,,cond=uS/cm;hard=ppm CaCO3;alk=ppm CaCO3;sulfite=ppm,
RD-01401,2026-08-05 12:15,SYS-0037,Tomas Rivera,field,2867.0,11.1,0.5,613.0,,,,0.39,28.0,,,cond=uS/cm;hard=ppm CaCO3;alk=ppm CaCO3;sulfite=ppm,
RD-01402,2026-08-05 12:40,SYS-0029,Tomas Rivera,field,2880.0,9.7,,,,,228.0,0.22,,,,cond=uS/cm;moly=ppm,
RD-01403,2026-08-05 12:45,SYS-0028,Tomas Rivera,field,1468.0,8.7,298.0,,220.0,0.67,7.9,,,,,cond=uS/cm;hard=ppm CaCO3;cl=ppm;inhib=ppm,
RD-01404,2026-08-05 13:30,SYS-0020,Marcus Webb,field,1616.0,8.1,329.0,,168.0,0.68,9.1,,,,10^2,cond=uS/cm;hard=ppm CaCO3;cl=ppm;inhib=ppm,
RD-01405,2026-08-05 15:40,SYS-0039,Tomas Rivera,field,2864.0,9.4,,,,,,0.15,,1089.0,,cond=uS/cm;nitrite=ppm,
RD-01406,8/6/26 0:00,SYS-0014,BMS export,bms,2863,,,,,,,,,,,cond=uS/cm,
RD-01407,8/6/26 0:00,SYS-0015,BMS export,bms,2808,,,,,,,,,,,cond=uS/cm,
RD-01408,8/6/26 0:00,SYS-0016,BMS export,bms,3012,8.6,,,,,,,,,,cond=uS/cm,
RD-01409,8/6/26 0:00,SYS-0017,BMS export,bms,2851,,,,,,,,,,,cond=uS/cm,
RD-01410,2026-08-06 09:20,SYS-0015,Jenn Fowler,field,2991.0,8.6,372.0,,279,0.69,16.1,,,,,cond=uS/cm;hard=ppm CaCO3;cl=ppm;inhib=ppm,
RD-01411,2026-08-06 10:10,SYS-0014,Jenn Fowler,field,3022.0,8.7,374.0,,195.0,0.81,16.7,,,,10^3,cond=uS/cm;hard=ppm CaCO3;cl=ppm;inhib=ppm,
RD-01412,2026-08-06 11:45,SYS-0017,Jenn Fowler,field,2834.0,8.3,425.0,,207.0,0.61,13.9,,,,,cond=uS/cm;hard=ppm CaCO3;cl=ppm;inhib=ppm,
RD-01413,2026-08-06 13:45,SYS-0018,Jenn Fowler,field,3042.0,9.0,,,,,233.0,0.05,,,,cond=uS/cm;moly=ppm,
RD-01414,2026-08-06 14:00,SYS-0035,Dale Hardy,field,3075.0,11.0,0.9,625.0,,,,0.41,30.0,,,cond=uS/cm;hard=ppm CaCO3;alk=ppm CaCO3;sulfite=ppm,
RD-01415,2026-08-06 14:15,SYS-0016,Jenn Fowler,field,3132.0,8.3,423.0,,193.0,0.65,13.3,,,,,cond=uS/cm;hard=ppm CaCO3;cl=ppm;inhib=ppm,
RD-01416,2026-08-06 14:40,SYS-0026,Dale Hardy,field,1603.0,8.8,23.9,,187.0,0.41,10.0,,,,10^3,cond=uS/cm;hard=gpg;cl=ppm;inhib=ppm,
RD-01417,2026-08-06 15:40,SYS-0025,Dale Hardy,field,2897.0,11.1,0.4,,,,,0.43,37.0,,,cond=uS/cm;hard=ppm CaCO3;alk=ppm CaCO3;sulfite=ppm,
RD-01418,8/7/26 0:00,SYS-0014,BMS export,bms,2766,8.4,,,,,,,,,,cond=uS/cm,
RD-01419,8/7/26 0:00,SYS-0015,BMS export,bms,2880,8.7,,,,,,,,,,cond=uS/cm,
RD-01420,8/7/26 0:00,SYS-0016,BMS export,bms,2893,8.6,,,,,,,,,,cond=uS/cm,
RD-01421,8/7/26 0:00,SYS-0017,BMS export,bms,3048,8.6,,,,,,,,,,cond=uS/cm,
RD-01422,2026-08-07 08:40,SYS-0042,Jenn Fowler,field,1893,8.5,461.0,,154.0,0.5,11.5,,,,10^3,cond=uS/cm;hard=ppm CaCO3;cl=ppm;inhib=ppm,
RD-01423,2026-08-07 12:10,SYS-0041,Jenn Fowler,field,3077.0,10.9,0.3,,,,,0.35,35.0,,,cond=uS/cm;hard=ppm CaCO3;alk=ppm CaCO3;sulfite=ppm,
RD-01424,8/8/26 0:00,SYS-0014,BMS export,bms,2828,8.5,,,,,,,,,,cond=uS/cm,
RD-01425,8/8/26 0:00,SYS-0015,BMS export,bms,2678,,,,,,,,,,,cond=uS/cm,
RD-01426,8/8/26 0:00,SYS-0016,BMS export,bms,2961,8.6,,,,,,,,,,cond=uS/cm,
RD-01427,8/8/26 0:00,SYS-0017,BMS export,bms,2908,8.7,,,,,,,,,,cond=uS/cm,
RD-01428,8/9/26 0:00,SYS-0014,BMS export,bms,2796,,,,,,,,,,,cond=uS/cm,
RD-01429,8/9/26 0:00,SYS-0015,BMS export,bms,2951,8.7,,,,,,,,,,cond=uS/cm,
RD-01430,8/9/26 0:00,SYS-0016,BMS export,bms,2900,8.8,,,,,,,,,,cond=uS/cm,
RD-01431,8/9/26 0:00,SYS-0017,BMS export,bms,3144,8.6,,,,,,,,,,cond=uS/cm,
RD-01432,8/10/26 0:00,SYS-0014,BMS export,bms,2888,8.7,,,,,,,,,,cond=uS/cm,
RD-01433,8/10/26 0:00,SYS-0015,BMS export,bms,2784,8.5,,,,,,,,,,cond=uS/cm,
RD-01434,8/10/26 0:00,SYS-0016,BMS export,bms,2854,8.5,,,,,,,,,,cond=uS/cm,
RD-01435,8/10/26 0:00,SYS-0017,BMS export,bms,3005,8.5,,,,,,,,,,cond=uS/cm,
RD-01436,2026-08-10 08:10,SYS-0005,Jenn Fowler,field,3488.0,9.3,,,,,,0.25,,1029.0,,cond=uS/cm;nitrite=ppm,
RD-01437,2026-08-10 08:50,SYS-0032,Marcus Webb,field,1418.0,10.2,0,337.0,,,,0.25,40.0,,,cond=uS/cm;hard=ppm CaCO3;alk=ppm CaCO3;sulfite=ppm,
RD-01438,2026-08-10 09:15,SYS-0002,Jenn Fowler,field,2990.0,11.2,0.7,688.0,,,,0.21,31.0,,,cond=uS/cm;hard=ppm CaCO3;alk=ppm CaCO3;sulfite=ppm,
RD-01439,2026-08-10 11:45,SYS-0003,Jenn Fowler,field,1529.0,8.0,400.0,,147.0,0.72,11.6,,,,10^2,cond=uS/cm;hard=ppm CaCO3;cl=ppm;inhib=ppm,
RD-01440,2026-08-10 12:10,SYS-0033,Marcus Webb,field,1298.0,10.0,0.5,451.0,,,,0.13,43.0,,,cond=uS/cm;hard=ppm CaCO3;alk=ppm CaCO3;sulfite=ppm,
RD-01441,2026-08-10 12:20,SYS-0004,Jenn Fowler,field,1591.0,8.6,413.0,,141.0,0.06,9.8,,,,10^5,cond=uS/cm;hard=ppm CaCO3;cl=ppm;inhib=ppm,
RD-01442,2026-08-10 13:00,SYS-0034,Marcus Webb,field,1544.0,8.1,402.0,,212.0,0.68,13.1,,,,10^2,cond=uS/cm;hard=ppm CaCO3;cl=ppm;inhib=ppm,
RD-01443,2026-08-10 14:15,SYS-0001,Jenn Fowler,field,2749.0,11.0,0.4,801.0,,,,0.44,31.0,,,cond=uS/cm;hard=ppm CaCO3;alk=ppm CaCO3;sulfite=ppm,
RD-01444,8/11/26 0:00,SYS-0014,BMS export,bms,2906,8.7,,,,,,,,,,cond=uS/cm,
RD-01445,8/11/26 0:00,SYS-0015,BMS export,bms,2885,8.8,,,,,,,,,,cond=uS/cm,
RD-01446,8/11/26 0:00,SYS-0016,BMS export,bms,2804,,,,,,,,,,,cond=uS/cm,
RD-01447,8/11/26 0:00,SYS-0017,BMS export,bms,2909,8.8,,,,,,,,,,cond=uS/cm,
RD-01448,2026-08-11 09:15,SYS-0029,Tomas Rivera,field,3124.0,9.5,,,,,202.0,0.24,,,,cond=uS/cm;moly=ppm,
RD-01449,2026-08-11 10:00,BONF-CLF-B1,Central Analytical,lab,3.08,11.23,0.5,774,145,,,0.16,,,,cond=mS/cm;hard=ppm CaCO3;alk=ppm CaCO3;cl=ppm,Certified lab analysis.
RD-01450,2026-08-11 10:00,BONF-OGD-B2,Central Analytical,lab,2.9,11.61,0.7,665,275,,,0.17,,,,cond=mS/cm;hard=ppm CaCO3;alk=ppm CaCO3;cl=ppm,Certified lab analysis.
RD-01451,2026-08-11 10:00,CLPK-B1,Central Analytical,lab,2.85,11.2,0.4,695,174,,,0.53,,,,cond=mS/cm;hard=ppm CaCO3;alk=ppm CaCO3;cl=ppm,Certified lab analysis.
RD-01452,2026-08-11 10:00,MRMC-B1,Central Analytical,lab,3.05,11.04,0.2,698,115,,,0.64,,,,cond=mS/cm;hard=ppm CaCO3;alk=ppm CaCO3;cl=ppm,Certified lab analysis.
RD-01453,2026-08-11 10:00,SALT-HP1,Central Analytical,lab,1.32,10.28,0.7,271,215,,,0.14,,,,cond=mS/cm;hard=ppm CaCO3;alk=ppm CaCO3;cl=ppm,Certified lab analysis.
RD-01454,2026-08-11 10:00,SALT-HP2,Central Analytical,lab,1.37,10.18,1.0,308,240,,,0.27,,,,cond=mS/cm;hard=ppm CaCO3;alk=ppm CaCO3;cl=ppm,Certified lab analysis.
RD-01455,2026-08-11 11:10,SYS-0007,Marcus Webb,field,1569.0,8.8,310.0,,140.0,0.74,11.8,,,,10^3,cond=uS/cm;hard=ppm CaCO3;cl=ppm;inhib=ppm,
RD-01456,2026-08-11 11:30,SYS-0006,Marcus Webb,field,2884.0,11.2,1.1,624.0,,,,1.33,35.0,,,cond=uS/cm;hard=ppm CaCO3;alk=ppm CaCO3;sulfite=ppm,
RD-01457,2026-08-11 12:40,SYS-0044,Aaron Silva,field,2783.0,9.5,,,,,205,0.33,,,,cond=uS/cm;moly=ppm,
RD-01458,2026-08-11 13:00,SYS-0051,Aaron Silva,field,3077.0,11.3,0.2,,,,,0.54,26.0,,,cond=uS/cm;hard=ppm CaCO3;alk=ppm CaCO3;sulfite=ppm,
RD-01459,2026-08-11 13:15,SYS-0043,Aaron Silva,field,1417.0,8.6,368.0,,172.0,0.7,11.4,,,,10^3,cond=uS/cm;hard=ppm CaCO3;cl=ppm;inhib=ppm,
RD-01460,2026-08-11 15:50,SYS-0008,Marcus Webb,field,2767.0,9.5,,,,,,0.28,,987.0,,cond=uS/cm;nitrite=ppm,
RD-01461,8/12/26 0:00,SYS-0014,BMS export,bms,2831,,,,,,,,,,,cond=uS/cm,
RD-01462,8/12/26 0:00,SYS-0015,BMS export,bms,2672,8.6,,,,,,,,,,cond=uS/cm,
RD-01463,8/12/26 0:00,SYS-0016,BMS export,bms,2777,8.5,,,,,,,,,,cond=uS/cm,
RD-01464,8/12/26 0:00,SYS-0017,BMS export,bms,3043,,,,,,,,,,,cond=uS/cm,
RD-01465,2026-08-12 08:30,SYS-0029,Tomas Rivera,field,3165.0,9.1,,,,,235.0,0.22,,,,cond=uS/cm;moly=ppm,
RD-01466,2026-08-12 09:40,SYS-0027,Tomas Rivera,field,3179.0,11.3,0.9,576.0,,,,0.33,30.0,,,cond=uS/cm;hard=ppm CaCO3;alk=ppm CaCO3;sulfite=ppm,
RD-01467,2026-08-12 13:20,SYS-0028,Tomas Rivera,field,1764.0,8.3,385.0,,154.0,0.61,11.4,,,,10^3,cond=uS/cm;hard=ppm CaCO3;cl=ppm;inhib=ppm,
RD-01468,8/13/26 0:00,SYS-0014,BMS export,bms,2885,8.9,,,,,,,,,,cond=uS/cm,
RD-01469,8/13/26 0:00,SYS-0015,BMS export,bms,2949,8.6,,,,,,,,,,cond=uS/cm,
RD-01470,8/13/26 0:00,SYS-0016,BMS export,bms,2920,,,,,,,,,,,cond=uS/cm,
RD-01471,8/13/26 0:00,SYS-0017,BMS export,bms,2945,8.4,,,,,,,,,,cond=uS/cm,
RD-01472,2026-08-13 08:00,SYS-0015,Jenn Fowler,field,2761.0,8.6,487.0,,272,0.7,15.2,,,,,cond=uS/cm;hard=ppm CaCO3;cl=ppm;inhib=ppm,
RD-01473,2026-08-13 08:10,SYS-0016,Jenn Fowler,field,2898.0,8.9,358.0,,251.0,0.67,16.0,,,,10^2,cond=uS/cm;hard=ppm CaCO3;cl=ppm;inhib=ppm,
RD-01474,2026-08-13 08:30,SYS-0014,Jenn Fowler,field,2944.0,8.6,434.0,,251.0,0.56,13.2,,,,10^2,cond=uS/cm;hard=ppm CaCO3;cl=ppm;inhib=ppm,
RD-01475,2026-08-13 09:15,SYS-0017,Jenn Fowler,field,2944.0,8.6,366.0,,205.0,0.52,15.5,,,,10^3,cond=uS/cm;hard=ppm CaCO3;cl=ppm;inhib=ppm,
RD-01476,2026-08-13 11:40,SYS-0030,Dale Hardy,field,2930.0,9.7,,,,,,0.2,,1050.0,,cond=uS/cm;nitrite=ppm,
RD-01477,2026-08-13 12:30,SYS-0018,Jenn Fowler,field,2188.0,8.9,,,,,235.0,0.05,,,,cond=uS/cm;moly=ppm,
RD-01478,2026-08-13 12:50,SYS-0031,Dale Hardy,field,1492.0,8.3,27.9,,132.0,0.69,10.6,,,,10^2,cond=uS/cm;hard=gpg;cl=ppm;inhib=ppm,
RD-01479,8/14/26 0:00,SYS-0014,BMS export,bms,2870,8.8,,,,,,,,,,cond=uS/cm,
RD-01480,8/14/26 0:00,SYS-0015,BMS export,bms,2839,8.7,,,,,,,,,,cond=uS/cm,
RD-01481,8/14/26 0:00,SYS-0016,BMS export,bms,3030,,,,,,,,,,,cond=uS/cm,
RD-01482,8/14/26 0:00,SYS-0017,BMS export,bms,3012,,,,,,,,,,,cond=uS/cm,
RD-01483,2026-08-14 11:00,SYS-0042,Jenn Fowler,field,1912,8.5,455.0,,197.0,0.74,10.0,,,,10^3,cond=uS/cm;hard=ppm CaCO3;cl=ppm;inhib=ppm,
RD-01484,2026-08-14 15:00,SYS-0041,Jenn Fowler,field,2965.0,11.0,0.8,,,,,0.29,29.0,,,cond=uS/cm;hard=ppm CaCO3;alk=ppm CaCO3;sulfite=ppm,
RD-01485,8/15/26 0:00,SYS-0014,BMS export,bms,2767,8.7,,,,,,,,,,cond=uS/cm,
RD-01486,8/15/26 0:00,SYS-0015,BMS export,bms,0,,,,,,,,,,,cond=uS/cm,
RD-01487,8/15/26 0:00,SYS-0016,BMS export,bms,3004,,,,,,,,,,,cond=uS/cm,
RD-01488,8/15/26 0:00,SYS-0017,BMS export,bms,3104,8.7,,,,,,,,,,cond=uS/cm,
RD-01489,8/16/26 0:00,SYS-0014,BMS export,bms,2764,,,,,,,,,,,cond=uS/cm,
RD-01490,8/16/26 0:00,SYS-0015,BMS export,bms,2934,8.6,,,,,,,,,,cond=uS/cm,
RD-01491,8/16/26 0:00,SYS-0016,BMS export,bms,2981,8.7,,,,,,,,,,cond=uS/cm,
RD-01492,8/16/26 0:00,SYS-0017,BMS export,bms,3012,8.6,,,,,,,,,,cond=uS/cm,
RD-01493,8/17/26 0:00,SYS-0014,BMS export,bms,2945,8.5,,,,,,,,,,cond=uS/cm,
RD-01494,8/17/26 0:00,SYS-0015,BMS export,bms,2808,8.4,,,,,,,,,,cond=uS/cm,
RD-01495,8/17/26 0:00,SYS-0016,BMS export,bms,3079,9.0,,,,,,,,,,cond=uS/cm,
RD-01496,8/17/26 0:00,SYS-0017,BMS export,bms,3069,8.5,,,,,,,,,,cond=uS/cm,
RD-01497,2026-08-17 08:30,SYS-0052,Aaron Silva,field,3390,11.0,0.2,672.0,,,,0.52,29.0,,,cond=uS/cm;hard=ppm CaCO3;alk=ppm CaCO3;sulfite=ppm,
RD-01498,2026-08-17 10:20,SYS-0040,Dale Hardy,field,3375.0,10.8,0.7,651.0,,,,0.23,27.0,,,cond=uS/cm;hard=ppm CaCO3;alk=ppm CaCO3;sulfite=ppm,
RD-01499,2026-08-17 13:30,SYS-0003,Jenn Fowler,field,1583.0,8.4,472.0,,179.0,0.53,11.6,,,,10^3,cond=uS/cm;hard=ppm CaCO3;cl=ppm;inhib=ppm,
RD-01500,2026-08-17 14:10,SYS-0001,Jenn Fowler,field,2675.0,10.9,0.4,779.0,,,,0.37,28.0,,,cond=uS/cm;hard=ppm CaCO3;alk=ppm CaCO3;sulfite=ppm,
RD-01501,2026-08-17 14:45,SYS-0002,Jenn Fowler,field,3051.0,11.2,0.9,752.0,,,,0.09,35.0,,,cond=uS/cm;hard=ppm CaCO3;alk=ppm CaCO3;sulfite=ppm,
RD-01502,2026-08-17 15:15,SYS-0005,Jenn Fowler,field,2490.0,9.4,,,,,,0.11,,889.0,,cond=uS/cm;nitrite=ppm,
RD-01503,2026-08-17 15:20,SYS-0004,Jenn Fowler,field,1537.0,8.9,436.0,,161.0,0.05,12.3,,,,10^4,cond=uS/cm;hard=ppm CaCO3;cl=ppm;inhib=ppm,
RD-01504,8/18/26 0:00,SYS-0014,BMS export,bms,2677,8.7,,,,,,,,,,cond=uS/cm,
RD-01505,8/18/26 0:00,SYS-0015,BMS export,bms,2843,,,,,,,,,,,cond=uS/cm,
RD-01506,8/18/26 0:00,SYS-0016,BMS export,bms,2922,8.5,,,,,,,,,,cond=uS/cm,
RD-01507,8/18/26 0:00,SYS-0017,BMS export,bms,3074,8.8,,,,,,,,,,cond=uS/cm,
RD-01508,2026-08-18 08:50,SYS-0008,Marcus Webb,field,3197.0,9.7,,,,,,0.29,,899.0,,cond=uS/cm;nitrite=ppm,
RD-01509,2026-08-18 10:15,SYS-0007,Marcus Webb,field,1601.0,8.7,524.0,,135.0,0.75,12.1,,,,10^2,cond=uS/cm;hard=ppm CaCO3;cl=ppm;inhib=ppm,
RD-01510,2026-08-18 12:00,SYS-0006,Marcus Webb,field,3051.0,11.2,1.3,671.0,,,,1.41,28.0,,,cond=uS/cm;hard=ppm CaCO3;alk=ppm CaCO3;sulfite=ppm,
RD-01511,2026-08-18 12:50,SYS-0010,Marcus Webb,field,1529.0,8.4,428.0,,172.0,0.57,11.6,,,,,cond=uS/cm;hard=ppm CaCO3;cl=ppm;inhib=ppm,
RD-01512,2026-08-18 13:40,SYS-0009,Marcus Webb,field,2908.0,11.1,0.9,,,,,0.43,27.0,,,cond=uS/cm;hard=ppm CaCO3;alk=ppm CaCO3;sulfite=ppm,
RD-01513,2026-08-18 13:50,SYS-0047,Jenn Fowler,field,2771.0,11.0,0.5,644.0,,,,0.3,32.0,,,cond=uS/cm;hard=ppm CaCO3;alk=ppm CaCO3;sulfite=ppm,
RD-01514,2026-08-18 15:00,SYS-0048,Jenn Fowler,field,1492.0,8.7,395.0,,146.0,0.59,11.9,,,,10^2,cond=uS/cm;hard=ppm CaCO3;cl=ppm;inhib=ppm,
RD-01515,8/19/26 0:00,SYS-0014,BMS export,bms,2916,,,,,,,,,,,cond=uS/cm,
RD-01516,8/19/26 0:00,SYS-0015,BMS export,bms,2781,8.7,,,,,,,,,,cond=uS/cm,
RD-01517,8/19/26 0:00,SYS-0016,BMS export,bms,2986,8.7,,,,,,,,,,cond=uS/cm,
RD-01518,8/19/26 0:00,SYS-0017,BMS export,bms,2854,,,,,,,,,,,cond=uS/cm,
RD-01519,2026-08-19 08:15,SYS-0021,Marcus Webb,field,2873.0,11.0,1.2,644.0,,,,0.19,35.0,,,cond=uS/cm;hard=ppm CaCO3;alk=ppm CaCO3;sulfite=ppm,
RD-01520,2026-08-19 11:10,SYS-0037,Tomas Rivera,field,2685.0,11.1,0.8,,,,,0.18,30.0,,,cond=uS/cm;hard=ppm CaCO3;alk=ppm CaCO3;sulfite=ppm,
RD-01521,2026-08-19 11:15,SYS-0029,Tomas Rivera,field,3030.0,9.3,,,,,268.0,0.2,,,,cond=uS/cm;moly=ppm,
RD-01522,2026-08-19 11:20,SYS-0036,Tomas Rivera,field,3005.0,11.1,0.6,524.0,,,,0.34,28.0,,,cond=uS/cm;hard=ppm CaCO3;alk=ppm CaCO3;sulfite=ppm,
RD-01523,2026-08-19 11:45,SYS-0028,Tomas Rivera,field,1510.0,8.5,405.0,,185.0,0.4,10.8,,,,10^2,cond=uS/cm;hard=ppm CaCO3;cl=ppm;inhib=ppm,
RD-01524,2026-08-19 12:00,SYS-0027,Tomas Rivera,field,2947.0,11.0,1.3,,,,,0.55,35.0,,,cond=uS/cm;hard=ppm CaCO3;alk=ppm CaCO3;sulfite=ppm,
RD-01525,2026-08-19 12:10,SYS-0020,Marcus Webb,field,1485.0,8.8,485.0,,163.0,0.53,10.2,,,,10^3,cond=uS/cm;hard=ppm CaCO3;cl=ppm;inhib=ppm,
RD-01526,2026-08-19 12:30,SYS-0038,Tomas Rivera,field,1357.0,8.7,496.0,,133.0,0.81,11.5,,,,10^2,cond=uS/cm;hard=ppm CaCO3;cl=ppm;inhib=ppm,
RD-01527,2026-08-19 13:40,SYS-0039,Tomas Rivera,field,2957.0,9.4,,,,,,0.02,,1020.0,,cond=uS/cm;nitrite=ppm,
RD-01528,2026-08-19 14:20,SYS-0019,Marcus Webb,field,2347.0,9.4,,,,,,1.15,,430,,cond=uS/cm;nitrite=ppm,Sample drawn before re-dose.
RD-01529,8/20/26 0:00,SYS-0014,BMS export,bms,2957,8.8,,,,,,,,,,cond=uS/cm,
RD-01530,8/20/26 0:00,SYS-0015,BMS export,bms,2911,8.5,,,,,,,,,,cond=uS/cm,
RD-01531,8/20/26 0:00,SYS-0016,BMS export,bms,2876,8.7,,,,,,,,,,cond=uS/cm,
RD-01532,8/20/26 0:00,SYS-0017,BMS export,bms,2940,8.7,,,,,,,,,,cond=uS/cm,
RD-01533,2026-08-20 10:45,SYS-0017,Jenn Fowler,field,2871.0,8.6,451.0,,266.0,0.43,14.2,,,,10^3,cond=uS/cm;hard=ppm CaCO3;cl=ppm;inhib=ppm,
RD-01534,2026-08-20 11:45,SYS-0046,Dale Hardy,field,2814.0,11.0,0.7,470.0,,,,0.41,33.0,,,cond=uS/cm;hard=ppm CaCO3;alk=ppm CaCO3;sulfite=ppm,
RD-01535,2026-08-20 13:00,SYS-0018,Jenn Fowler,field,3104.0,9.0,,,,,238.0,0.26,,,,cond=uS/cm;moly=ppm,
RD-01536,2026-08-20 14:40,SYS-0015,Jenn Fowler,field,2763.0,8.7,481.0,,299,0.56,15.6,,,,,cond=uS/cm;hard=ppm CaCO3;cl=ppm;inhib=ppm,
RD-01537,2026-08-20 14:45,SYS-0014,Jenn Fowler,field,2804.0,8.7,506.0,,218.0,0.65,13.9,,,,,cond=uS/cm;hard=ppm CaCO3;cl=ppm;inhib=ppm,
RD-01538,2026-08-20 15:30,SYS-0026,Dale Hardy,field,1419.0,8.8,17.7,,92.0,0.44,8.3,,,,,cond=uS/cm;hard=gpg;cl=ppm;inhib=ppm,
RD-01539,2026-08-20 15:45,SYS-0025,Dale Hardy,field,2755.0,11.2,0.3,,,,,0.29,29.0,,,cond=uS/cm;hard=ppm CaCO3;alk=ppm CaCO3;sulfite=ppm,
RD-01540,2026-08-20 15:50,SYS-0016,Jenn Fowler,field,3009.0,8.6,382.0,,236.0,0.7,14.1,,,,10^2,cond=uS/cm;hard=ppm CaCO3;cl=ppm;inhib=ppm,
RD-01541,8/21/26 0:00,SYS-0014,BMS export,bms,2827,8.9,,,,,,,,,,cond=uS/cm,
RD-01542,8/21/26 0:00,SYS-0015,BMS export,bms,2809,8.7,,,,,,,,,,cond=uS/cm,
RD-01543,8/21/26 0:00,SYS-0016,BMS export,bms,3029,8.8,,,,,,,,,,cond=uS/cm,
RD-01544,8/21/26 0:00,SYS-0017,BMS export,bms,2896,,,,,,,,,,,cond=uS/cm,
RD-01545,2026-08-21 10:45,SYS-0041,Jenn Fowler,field,3044.0,11.2,1.5,600.0,,,,0.08,31.0,,,cond=uS/cm;hard=ppm CaCO3;alk=ppm CaCO3;sulfite=ppm,
RD-01546,2026-08-21 12:20,SYS-0042,Jenn Fowler,field,1941,8.3,417.0,,218.0,0.83,9.2,,,,10^3,cond=uS/cm;hard=ppm CaCO3;cl=ppm;inhib=ppm,
RD-01547,8/22/26 0:00,SYS-0014,BMS export,bms,2858,8.4,,,,,,,,,,cond=uS/cm,
RD-01548,8/22/26 0:00,SYS-0015,BMS export,bms,2785,8.9,,,,,,,,,,cond=uS/cm,
RD-01549,8/22/26 0:00,SYS-0016,BMS export,bms,2937,8.4,,,,,,,,,,cond=uS/cm,
RD-01550,8/22/26 0:00,SYS-0017,BMS export,bms,2960,,,,,,,,,,,cond=uS/cm,
RD-01551,8/23/26 0:00,SYS-0014,BMS export,bms,2769,8.7,,,,,,,,,,cond=uS/cm,
RD-01552,8/23/26 0:00,SYS-0015,BMS export,bms,2902,,,,,,,,,,,cond=uS/cm,
RD-01553,8/23/26 0:00,SYS-0016,BMS export,bms,2904,8.6,,,,,,,,,,cond=uS/cm,
RD-01554,8/23/26 0:00,SYS-0017,BMS export,bms,3060,8.8,,,,,,,,,,cond=uS/cm,
RD-01555,8/24/26 0:00,SYS-0014,BMS export,bms,2665,8.6,,,,,,,,,,cond=uS/cm,
RD-01556,8/24/26 0:00,SYS-0015,BMS export,bms,2755,,,,,,,,,,,cond=uS/cm,
RD-01557,8/24/26 0:00,SYS-0016,BMS export,bms,2936,8.8,,,,,,,,,,cond=uS/cm,
RD-01558,8/24/26 0:00,SYS-0017,BMS export,bms,2858,8.9,,,,,,,,,,cond=uS/cm,
RD-01559,2026-08-24 08:20,SYS-0002,Jenn Fowler,field,2950.0,11.2,0.5,751.0,,,,0.25,29.0,,,cond=uS/cm;hard=ppm CaCO3;alk=ppm CaCO3;sulfite=ppm,
RD-01560,2026-08-24 08:20,SYS-0003,Jenn Fowler,field,1570.0,8.7,474.0,,145.0,0.65,9.6,,,,10^3,cond=uS/cm;hard=ppm CaCO3;cl=ppm;inhib=ppm,
RD-01561,2026-08-24 09:45,SYS-0001,Jenn Fowler,field,2780.0,11.1,0.8,,,,,0.34,29.0,,,cond=uS/cm;hard=ppm CaCO3;alk=ppm CaCO3;sulfite=ppm,
RD-01562,2026-08-24 10:50,SYS-0033,Marcus Webb,field,1406.0,10.2,0.8,345.0,,,,0.26,40.0,,,cond=uS/cm;hard=ppm CaCO3;alk=ppm CaCO3;sulfite=ppm,
RD-01563,2026-08-24 11:20,SYS-0034,Marcus Webb,field,1385.0,8.9,357.0,,160.0,0.53,12.0,,,,10^3,cond=uS/cm;hard=ppm CaCO3;cl=ppm;inhib=ppm,
RD-01564,2026-08-24 12:20,SYS-0005,Jenn Fowler,field,2112.0,10.3,,,,,,0.16,,1052.0,,cond=uS/cm;nitrite=ppm,
RD-01565,2026-08-24 13:30,SYS-0032,Marcus Webb,field,1387.0,10.0,1.2,319.0,,,,0.2,42.0,,,cond=uS/cm;hard=ppm CaCO3;alk=ppm CaCO3;sulfite=ppm,
RD-01566,2026-08-24 15:20,SYS-0004,Jenn Fowler,field,1726.0,8.3,408.0,,164.0,0.11,10.6,,,,10^5,cond=uS/cm;hard=ppm CaCO3;cl=ppm;inhib=ppm,
RD-01567,8/25/26 0:00,SYS-0014,BMS export,bms,2845,,,,,,,,,,,cond=uS/cm,
RD-01568,8/25/26 0:00,SYS-0015,BMS export,bms,2975,8.9,,,,,,,,,,cond=uS/cm,
RD-01569,8/25/26 0:00,SYS-0016,BMS export,bms,2905,,,,,,,,,,,cond=uS/cm,
RD-01570,8/25/26 0:00,SYS-0017,BMS export,bms,2899,8.8,,,,,,,,,,cond=uS/cm,
RD-01571,2026-08-25 08:15,SYS-0008,Marcus Webb,field,2973.0,9.3,,,,,,0.26,,950.0,,cond=uS/cm;nitrite=ppm,
RD-01572,2026-08-25 09:45,SYS-0006,Marcus Webb,field,2995.0,11.0,0.7,699.0,,,,1.5,29.0,,,cond=uS/cm;hard=ppm CaCO3;alk=ppm CaCO3;sulfite=ppm,
RD-01573,2026-08-25 12:10,SYS-0045,Aaron Silva,field,,,0.5,,,,,,,,,hard=ppm CaCO3,
RD-01574,2026-08-25 12:45,SYS-0007,Marcus Webb,field,1579.0,8.6,534.0,,212.0,0.79,10.3,,,,10^2,cond=uS/cm;hard=ppm CaCO3;cl=ppm;inhib=ppm,
RD-01575,2026-08-25 14:15,SYS-0044,Aaron Silva,field,2762.0,9.5,,,,,210,0.16,,,,cond=uS/cm;moly=ppm,
RD-01576,2026-08-25 14:40,SYS-0043,Aaron Silva,field,1565.0,8.2,344.0,,106.0,0.54,10.3,,,,,cond=uS/cm;hard=ppm CaCO3;cl=ppm;inhib=ppm,
RD-01577,8/26/26 0:00,SYS-0014,BMS export,bms,2834,8.8,,,,,,,,,,cond=uS/cm,
RD-01578,8/26/26 0:00,SYS-0015,BMS export,bms,2765,8.6,,,,,,,,,,cond=uS/cm,
RD-01579,8/26/26 0:00,SYS-0016,BMS export,bms,2941,,,,,,,,,,,cond=uS/cm,
RD-01580,8/26/26 0:00,SYS-0017,BMS export,bms,3012,9.0,,,,,,,,,,cond=uS/cm,
RD-01581,2026-08-26 08:00,SYS-0050,Tomas Rivera,field,1621.0,8.5,474.0,,157.0,0.8,10.2,,,,10^3,cond=uS/cm;hard=ppm CaCO3;cl=ppm;inhib=ppm,
RD-01582,2026-08-26 11:00,SYS-0049,Tomas Rivera,field,1501.0,8.7,422.0,,218.0,0.58,8.1,,,,,cond=uS/cm;hard=ppm CaCO3;cl=ppm;inhib=ppm,
RD-01583,2026-08-26 11:30,SYS-0028,Tomas Rivera,field,1481.0,8.9,406.0,,210.0,0.44,11.5,,,,10^3,cond=uS/cm;hard=ppm CaCO3;cl=ppm;inhib=ppm,
RD-01584,2026-08-26 11:40,SYS-0029,Tomas Rivera,field,2459.0,9.7,,,,,258.0,0.22,,,,cond=uS/cm;moly=ppm,
RD-01585,2026-08-26 14:40,SYS-0027,Tomas Rivera,field,3006.0,10.8,1.3,649.0,,,,0.34,29.0,,,cond=uS/cm;hard=ppm CaCO3;alk=ppm CaCO3;sulfite=ppm,
RD-01586,8/27/26 0:00,SYS-0014,BMS export,bms,2599,,,,,,,,,,,cond=uS/cm,
RD-01587,8/27/26 0:00,SYS-0015,BMS export,bms,3045,,,,,,,,,,,cond=uS/cm,
RD-01588,8/27/26 0:00,SYS-0016,BMS export,bms,2917,9.1,,,,,,,,,,cond=uS/cm,
RD-01589,8/27/26 0:00,SYS-0017,BMS export,bms,3102,8.5,,,,,,,,,,cond=uS/cm,
RD-01590,2026-08-27 08:00,SYS-0016,Jenn Fowler,field,2777.0,9.1,378.0,,215.0,0.77,14.0,,,,,cond=uS/cm;hard=ppm CaCO3;cl=ppm;inhib=ppm,
RD-01591,2026-08-27 08:30,SYS-0015,Jenn Fowler,field,2775.0,8.7,311.0,,292,0.69,15.1,,,,10^2,cond=uS/cm;hard=ppm CaCO3;cl=ppm;inhib=ppm,
RD-01592,2026-08-27 10:15,SYS-0014,Jenn Fowler,field,2742.0,8.3,521.0,,245.0,0.65,15.6,,,,10^3,cond=uS/cm;hard=ppm CaCO3;cl=ppm;inhib=ppm,
RD-01593,2026-08-27 10:20,SYS-0018,Jenn Fowler,field,3045.0,10.0,,,,,250.0,0.02,,,,cond=uS/cm;moly=ppm,
RD-01594,2026-08-27 12:10,SYS-0017,Jenn Fowler,field,2830.0,8.7,406.0,,234.0,0.59,15.4,,,,,cond=uS/cm;hard=ppm CaCO3;cl=ppm;inhib=ppm,
RD-01595,8/28/26 0:00,SYS-0014,BMS export,bms,2907,,,,,,,,,,,cond=uS/cm,
RD-01596,8/28/26 0:00,SYS-0015,BMS export,bms,2889,,,,,,,,,,,cond=uS/cm,
RD-01597,8/28/26 0:00,SYS-0016,BMS export,bms,2946,8.8,,,,,,,,,,cond=uS/cm,
RD-01598,8/28/26 0:00,SYS-0017,BMS export,bms,2829,8.9,,,,,,,,,,cond=uS/cm,
RD-01599,2026-08-28 09:10,SYS-0042,Jenn Fowler,field,1941,8.6,442.0,,135.0,0.43,11.1,,,,10^2,cond=uS/cm;hard=ppm CaCO3;cl=ppm;inhib=ppm,
RD-01600,2026-08-28 13:30,SYS-0041,Jenn Fowler,field,3142.0,11.3,0.8,,,,,0.41,32.0,,,cond=uS/cm;hard=ppm CaCO3;alk=ppm CaCO3;sulfite=ppm,
RD-01601,8/29/26 0:00,SYS-0014,BMS export,bms,2895,8.7,,,,,,,,,,cond=uS/cm,
RD-01602,8/29/26 0:00,SYS-0015,BMS export,bms,2841,8.4,,,,,,,,,,cond=uS/cm,
RD-01603,8/29/26 0:00,SYS-0016,BMS export,bms,2811,8.7,,,,,,,,,,cond=uS/cm,
RD-01604,8/29/26 0:00,SYS-0017,BMS export,bms,2973,8.7,,,,,,,,,,cond=uS/cm,
RD-01605,8/30/26 0:00,SYS-0014,BMS export,bms,2871,,,,,,,,,,,cond=uS/cm,
RD-01606,8/30/26 0:00,SYS-0015,BMS export,bms,3038,8.9,,,,,,,,,,cond=uS/cm,
RD-01607,8/30/26 0:00,SYS-0016,BMS export,bms,2973,8.7,,,,,,,,,,cond=uS/cm,
RD-01608,8/30/26 0:00,SYS-0017,BMS export,bms,2888,,,,,,,,,,,cond=uS/cm,
RD-01609,8/31/26 0:00,SYS-0014,BMS export,bms,2854,8.7,,,,,,,,,,cond=uS/cm,
RD-01610,8/31/26 0:00,SYS-0015,BMS export,bms,2926,,,,,,,,,,,cond=uS/cm,
RD-01611,8/31/26 0:00,SYS-0016,BMS export,bms,3013,,,,,,,,,,,cond=uS/cm,
RD-01612,8/31/26 0:00,SYS-0017,BMS export,bms,2945,,,,,,,,,,,cond=uS/cm,
RD-01613,2026-08-31 08:50,SYS-0005,Jenn Fowler,field,2916.0,9.6,,,,,,0.12,,1044.0,,cond=uS/cm;nitrite=ppm,
RD-01614,2026-08-31 09:00,SYS-0001,Jenn Fowler,field,2977.0,10.9,0.3,,,,,0.22,38.0,,,cond=uS/cm;hard=ppm CaCO3;alk=ppm CaCO3;sulfite=ppm,
RD-01615,2026-08-31 10:00,SYS-0040,Dale Hardy,field,3079.0,10.9,0.2,,,,,0.37,36.0,,,cond=uS/cm;hard=ppm CaCO3;alk=ppm CaCO3;sulfite=ppm,
RD-01616,2026-08-31 10:30,SYS-0002,Jenn Fowler,field,2481.0,11.2,0.2,,,,,0.58,35.0,,,cond=uS/cm;hard=ppm CaCO3;alk=ppm CaCO3;sulfite=ppm,
RD-01617,2026-08-31 12:15,SYS-0003,Jenn Fowler,field,1501.0,8.5,458.0,,192.0,0.59,12.4,,,,10^3,cond=uS/cm;hard=ppm CaCO3;cl=ppm;inhib=ppm,
RD-01618,2026-08-31 15:20,SYS-0004,Jenn Fowler,field,1426.0,8.7,461.0,,189.0,0.22,9.9,,,,10^5,cond=uS/cm;hard=ppm CaCO3;cl=ppm;inhib=ppm,
